timestamp	id	value
0	gs.rssi	-87
0	comms.recd	120
0	tpc.state	0
0	fc.pwr	1
0	tpc.gps
0	tpc.bat_v	15.280756
0	tpc.bat_v_avgd	15.280756
0	fc.state	7
0	fc.alt	76544.234375
9000661	comms.recd	240
9000661	tpc.state	0
9000661	fc.pwr	1
9000661	tpc.gps
9000661	tpc.bat_v	15.261412
9000661	tpc.bat_v_avgd	15.271084
9000661	fc.state	7
9000661	fc.alt	76528.234375
9500701	gs.rssi	-92
9500701	comms.recd	360
9500701	tpc.state	0
9500701	fc.pwr	1
9500701	tpc.gps
9500701	tpc.bat_v	15.319445
9500701	tpc.bat_v_avgd	15.287204333333333
9500701	fc.state	7
9500701	fc.alt	76538.5
10000713	gs.rssi	-93
10000713	comms.recd	480
10000713	tpc.state	0
10000713	fc.pwr	1
10000713	tpc.gps
10000713	tpc.bat_v	15.280756
10000713	tpc.bat_v_avgd	15.28559225
10000713	fc.state	7
10000713	fc.alt	76534.59375
10500772	gs.rssi	-91
10500772	comms.recd	600
10500772	tpc.state	0
10500772	fc.pwr	1
10500772	tpc.gps
10500772	tpc.bat_v	15.271084
10500772	tpc.bat_v_avgd	15.2826906
10500772	fc.state	7
10500772	fc.alt	76535.828125
11000787	gs.rssi	-90
11000787	comms.recd	720
11000787	tpc.state	0
11000787	fc.pwr	1
11000787	tpc.gps
11000787	tpc.bat_v	15.280756
11000787	tpc.bat_v_avgd	15.282368166666666
11000787	fc.state	7
11000787	fc.alt	76542.796875
11500826	gs.rssi	-95
11500826	comms.recd	840
11500826	tpc.state	0
11500826	fc.pwr	1
11500826	tpc.gps
11500826	tpc.bat_v	15.222723
11500826	tpc.bat_v_avgd	15.273847428571429
11500826	fc.state	7
11500826	fc.alt	76541.5625
12000879	gs.rssi	-89
12000879	comms.recd	960
12000879	tpc.state	0
12000879	fc.pwr	1
12000879	tpc.gps
12000879	tpc.bat_v	15.285592
12000879	tpc.bat_v_avgd	15.2753155
12000879	fc.state	7
12000879	fc.alt	76538.703125
12500933	gs.rssi	-86
12500933	comms.recd	1080
12500933	tpc.state	0
12500933	fc.pwr	1
12500933	tpc.gps
12500933	tpc.bat_v	15.25174
12500933	tpc.bat_v_avgd	15.272696
12500933	fc.state	7
12500933	fc.alt	76543.40625
13000975	gs.rssi	-85
13000975	comms.recd	1200
13000975	tpc.state	0
13000975	fc.pwr	1
13000975	tpc.gps
13000975	tpc.bat_v	15.290428
13000975	tpc.bat_v_avgd	15.274469199999999
13000975	fc.state	7
13000975	fc.alt	-138462.125
13501013	gs.rssi	-89
13501013	comms.recd	1320
13501013	tpc.state	0
13501013	fc.pwr	1
13501013	tpc.gps
13501013	tpc.bat_v	15.285592
13501013	tpc.bat_v_avgd	15.275480363636364
13501013	fc.state	7
13501013	fc.alt	76534.1875
14001060	gs.rssi	-88
14001060	comms.recd	1440
14001060	tpc.state	0
14001060	fc.pwr	1
14001060	tpc.gps
14001060	tpc.bat_v	15.353297
14001060	tpc.bat_v_avgd	15.281965083333333
14001060	fc.state	7
14001060	fc.alt	76539.71875
14501099	gs.rssi	-87
14501099	comms.recd	1560
14501099	tpc.state	0
14501099	fc.pwr	1
14501099	tpc.gps
14501099	tpc.bat_v	15.285592
14501099	tpc.bat_v_avgd	15.282244076923076
14501099	fc.state	7
14501099	fc.alt	76530.703125
15001102	gs.rssi	-89
15001102	comms.recd	1680
15001102	tpc.state	0
15001102	fc.pwr	1
15001102	tpc.gps
15001102	tpc.bat_v	15.290428
15001102	tpc.bat_v_avgd	15.282828642857142
15001102	fc.state	7
15001102	fc.alt	76531.3125
15501155	gs.rssi	-87
15501155	comms.recd	1800
15501155	tpc.state	0
15501155	fc.pwr	1
15501155	tpc.gps
15501155	tpc.bat_v	15.3001
15501155	tpc.bat_v_avgd	15.283980066666667
15501155	fc.state	7
15501155	fc.alt	76517.78125
16001197	gs.rssi	-92
16001197	comms.recd	1920
16001197	tpc.state	0
16001197	fc.pwr	1
16001197	tpc.gps
16001197	tpc.bat_v	15.261412
16001197	tpc.bat_v_avgd	15.2825695625
16001197	fc.state	7
16001197	fc.alt	76524.140625
16501205	gs.rssi	-90
16501205	comms.recd	2040
16501205	tpc.state	0
16501205	fc.pwr	1
16501205	tpc.gps
16501205	tpc.bat_v	15.285592
16501205	tpc.bat_v_avgd	15.282747352941177
16501205	fc.state	7
16501205	fc.alt	76532.34375
17001256	gs.rssi	-87
17001256	comms.recd	2160
17001256	tpc.state	0
17001256	fc.pwr	1
17001256	tpc.gps
17001256	tpc.bat_v	15.27592
17001256	tpc.bat_v_avgd	15.282368055555557
17001256	fc.state	7
17001256	fc.alt	76522.703125
17501286	gs.rssi	-88
17501286	comms.recd	2280
17501286	tpc.state	0
17501286	fc.pwr	1
17501286	tpc.gps
17501286	tpc.bat_v	15.261412
17501286	tpc.bat_v_avgd	15.28126510526316
17501286	fc.state	7
17501286	fc.alt	76529.0625
18001289	gs.rssi	-89
18001289	comms.recd	2400
18001289	tpc.state	0
18001289	fc.pwr	1
18001289	tpc.gps
18001289	tpc.bat_v	15.3001
18001289	tpc.bat_v_avgd	15.28220685
18001289	fc.state	7
18001289	fc.alt	76542.390625
18501291	gs.rssi	-89
18501291	comms.recd	2520
18501291	tpc.state	0
18501291	fc.pwr	1
18501291	tpc.gps
18501291	tpc.bat_v	15.25174
18501291	tpc.bat_v_avgd	15.280756047619047
18501291	fc.state	7
18501291	fc.alt	76541.359375
19001298	gs.rssi	-89
19001298	comms.recd	2640
19001298	tpc.state	0
19001298	fc.pwr	1
19001298	tpc.gps
19001298	tpc.bat_v	15.256576
19001298	tpc.bat_v_avgd	15.279656954545453
19001298	fc.state	7
19001298	fc.alt	76531.71875
19501340	gs.rssi	-87
19501340	comms.recd	2760
19501340	tpc.state	0
19501340	fc.pwr	1
19501340	tpc.gps
19501340	tpc.bat_v	15.280756
19501340	tpc.bat_v_avgd	15.279704739130434
19501340	fc.state	7
19501340	fc.alt	76536.234375
20001343	gs.rssi	-86
20001343	comms.recd	2880
20001343	tpc.state	0
20001343	fc.pwr	1
20001343	tpc.gps
20001343	tpc.bat_v	15.285592
20001343	tpc.bat_v_avgd	15.279950041666666
20001343	fc.state	7
20001343	fc.alt	76537.875
20501397	gs.rssi	-89
20501397	comms.recd	3000
20501397	tpc.state	0
20501397	fc.pwr	1
20501397	tpc.gps
20501397	tpc.bat_v	15.271084
20501397	tpc.bat_v_avgd	15.279595399999998
20501397	fc.state	7
20501397	fc.alt	76545.265625
21001434	gs.rssi	-89
21001434	comms.recd	3120
21001434	tpc.state	0
21001434	fc.pwr	1
21001434	tpc.gps
21001434	tpc.bat_v	15.232395
21001434	tpc.bat_v_avgd	15.277779999999998
21001434	fc.state	7
21001434	fc.alt	76535.21875
21501460	gs.rssi	-89
21501460	comms.recd	3240
21501460	tpc.state	0
21501460	fc.pwr	1
21501460	tpc.gps
21501460	tpc.bat_v	15.290428
21501460	tpc.bat_v_avgd	15.278248444444444
21501460	fc.state	7
21501460	fc.alt	76538.28125
22001501	gs.rssi	-87
22001501	comms.recd	3360
22001501	tpc.state	0
22001501	fc.pwr	1
22001501	tpc.gps
22001501	tpc.bat_v	15.271084
22001501	tpc.bat_v_avgd	15.27799257142857
22001501	fc.state	7
22001501	fc.alt	76536.640625
22501522	gs.rssi	-85
22501522	comms.recd	3480
22501522	tpc.state	0
22501522	fc.pwr	1
22501522	tpc.gps
22501522	tpc.bat_v	15.290428
22501522	tpc.bat_v_avgd	15.278421379310343
22501522	fc.state	7
22501522	fc.alt	76541.78125
23001582	gs.rssi	-84
23001582	comms.recd	3600
23001582	tpc.state	0
23001582	fc.pwr	1
23001582	tpc.gps
23001582	tpc.bat_v	15.261412
23001582	tpc.bat_v_avgd	15.277854399999999
23001582	fc.state	7
23001582	fc.alt	76538.078125
1573901166613	comms.sent	44
-1453419673	gs.rssi	-86
23501598	gs.rssi	-84
23501598	comms.recd	3720
23501598	tpc.state	0
23501598	fc.pwr	0
23501598	tpc.gps
23501598	tpc.bat_v	15.290428
23501598	tpc.bat_v_avgd	15.2781768
23501598	fc.state	7
23501598	fc.alt	-138456.796875
24001644	gs.rssi	-78
24001644	comms.recd	3776
24001644	tpc.state	0
24001644	fc.pwr	0
24001644	tpc.gps
24001644	tpc.bat_v	15.266248
24001644	tpc.bat_v_avgd	15.278338
24501701	gs.rssi	-80
24501701	comms.recd	3832
24501701	tpc.state	0
24501701	fc.pwr	0
24501701	tpc.gps
24501701	tpc.bat_v	15.314609
24501701	tpc.bat_v_avgd	15.2781768
25001758	gs.rssi	-82
25001758	comms.recd	3888
25001758	tpc.state	0
25001758	fc.pwr	0
25001758	tpc.gps
25001758	tpc.bat_v	15.280756
25001758	tpc.bat_v_avgd	15.2781768
25501816	gs.rssi	-80
25501816	comms.recd	3944
25501816	tpc.state	0
25501816	fc.pwr	0
25501816	tpc.gps
25501816	tpc.bat_v	15.25174
25501816	tpc.bat_v_avgd	15.277532000000003
1573901169373	comms.sent	88
1573901169524	comms.sent	132
-1453419673	gs.rssi	-81
26501887	gs.rssi	-82
26501887	comms.recd	4000
26501887	tpc.state	0
26501887	fc.pwr	1
26501887	tpc.gps
26501887	tpc.bat_v	15.362968
26501887	tpc.bat_v_avgd	15.280272400000003
27001921	gs.rssi	-80
27001921	comms.recd	4056
27001921	tpc.state	0
27001921	fc.pwr	1
27001921	tpc.gps
27001921	tpc.bat_v	15.261412
27001921	tpc.bat_v_avgd	15.281562033333335
27501936	gs.rssi	-81
27501936	comms.recd	4168
27501936	tpc.state	0
27501936	fc.pwr	1
27501936	tpc.gps
27501936	tpc.bat_v	15.285592
27501936	tpc.bat_v_avgd	15.281562033333337
27501936	fc.state	0
27501936	fc.alt	0
28001937	gs.rssi	-80
28001937	comms.recd	4280
28001937	tpc.state	0
28001937	fc.pwr	1
28001937	tpc.gps
28001937	tpc.bat_v	15.198543
28001937	tpc.bat_v_avgd	15.279788800000002
28001937	fc.state	0
28001937	fc.alt	0
28501976	gs.rssi	-80
28501976	comms.recd	4392
28501976	tpc.state	0
28501976	fc.pwr	1
28501976	tpc.gps
28501976	tpc.bat_v	15.290428
28501976	tpc.bat_v_avgd	15.279788800000006
28501976	fc.state	0
28501976	fc.alt	0
29001984	gs.rssi	-81
29001984	comms.recd	4504
29001984	tpc.state	0
29001984	fc.pwr	1
29001984	tpc.gps
29001984	tpc.bat_v	15.280756
29001984	tpc.bat_v_avgd	15.279627600000003
29001984	fc.state	0
29001984	fc.alt	0
29502039	gs.rssi	-81
29502039	comms.recd	4616
29502039	tpc.state	0
29502039	fc.pwr	1
29502039	tpc.gps
29502039	tpc.bat_v	15.271084
29502039	tpc.bat_v_avgd	15.27688716666667
29502039	fc.state	0
29502039	fc.alt	0
30002093	gs.rssi	-81
30002093	comms.recd	4728
30002093	tpc.state	0
30002093	fc.pwr	1
30002093	tpc.gps
30002093	tpc.bat_v	15.290428
30002093	tpc.bat_v_avgd	15.277048366666667
30002093	fc.state	0
30002093	fc.alt	0
30502150	gs.rssi	-80
30502150	comms.recd	4840
30502150	tpc.state	0
30502150	fc.pwr	1
30502150	tpc.gps
30502150	tpc.bat_v	15.3001
30502150	tpc.bat_v_avgd	15.277370766666667
30502150	fc.state	0
30502150	fc.alt	0
31002186	gs.rssi	-81
31002186	comms.recd	4952
31002186	tpc.state	0
31002186	fc.pwr	1
31002186	tpc.gps
31002186	tpc.bat_v	15.290428
31002186	tpc.bat_v_avgd	15.277048366666666
31002186	fc.state	0
31002186	fc.alt	0
31502248	gs.rssi	-81
31502248	comms.recd	5064
31502248	tpc.state	0
31502248	fc.pwr	1
31502248	tpc.gps
31502248	tpc.bat_v	15.261412
31502248	tpc.bat_v_avgd	15.277048366666667
31502248	fc.state	0
31502248	fc.alt	0
32002292	gs.rssi	-82
32002292	comms.recd	5176
32002292	tpc.state	0
32002292	fc.pwr	1
32002292	tpc.gps
32002292	tpc.bat_v	15.266248
32002292	tpc.bat_v_avgd	15.276403566666666
32002292	fc.state	0
32002292	fc.alt	0
32502292	gs.rssi	-81
32502292	comms.recd	5288
32502292	tpc.state	0
32502292	fc.pwr	1
32502292	tpc.gps
32502292	tpc.bat_v	15.27592
32502292	tpc.bat_v_avgd	15.276403566666668
32502292	fc.state	0
32502292	fc.alt	0
33002310	gs.rssi	-81
33002310	comms.recd	5400
33002310	tpc.state	0
33002310	fc.pwr	1
33002310	tpc.gps
33002310	tpc.bat_v	15.290428
33002310	tpc.bat_v_avgd	15.277370766666667
33002310	fc.state	0
33002310	fc.alt	0
33502319	gs.rssi	-82
33502319	comms.recd	5512
33502319	tpc.state	0
33502319	fc.pwr	1
33502319	tpc.gps
33502319	tpc.bat_v	15.261412
33502319	tpc.bat_v_avgd	15.27608116666667
33502319	fc.state	0
33502319	fc.alt	0
34002331	gs.rssi	-83
34002331	comms.recd	5624
34002331	tpc.state	0
34002331	fc.pwr	1
34002331	tpc.gps
34002331	tpc.bat_v	15.27592
34002331	tpc.bat_v_avgd	15.276887166666667
34002331	fc.state	0
34002331	fc.alt	0
34502391	gs.rssi	-86
34502391	comms.recd	5736
34502391	tpc.state	0
34502391	fc.pwr	1
34502391	tpc.gps
34502391	tpc.bat_v	15.256576
34502391	tpc.bat_v_avgd	15.276887166666667
34502391	fc.state	0
34502391	fc.alt	0
35002434	gs.rssi	-86
35002434	comms.recd	5848
35002434	tpc.state	0
35002434	fc.pwr	1
35002434	tpc.gps
35002434	tpc.bat_v	15.329117
35002434	tpc.bat_v_avgd	15.2784992
35002434	fc.state	0
35002434	fc.alt	0
35502460	gs.rssi	-85
35502460	comms.recd	5960
35502460	tpc.state	0
35502460	fc.pwr	1
35502460	tpc.gps
35502460	tpc.bat_v	15.280756
35502460	tpc.bat_v_avgd	15.278338
35502460	fc.state	0
35502460	fc.alt	0
36002522	gs.rssi	-90
36002522	comms.recd	6080
36002522	tpc.state	0
36002522	fc.pwr	1
36002522	tpc.gps
36002522	tpc.bat_v	15.290428
36002522	tpc.bat_v_avgd	15.278982800000001
36002522	fc.state	5
36002522	fc.alt	26658.59375
36502569	gs.rssi	-87
36502569	comms.recd	6200
36502569	tpc.state	0
36502569	fc.pwr	1
36502569	tpc.gps
36502569	tpc.bat_v	15.304936
36502569	tpc.bat_v_avgd	15.281400833333334
36502569	fc.state	5
36502569	fc.alt	26650.390625
37002614	gs.rssi	-86
37002614	comms.recd	6320
37002614	tpc.state	0
37002614	fc.pwr	1
37002614	tpc.gps
37002614	tpc.bat_v	15.3001
37002614	tpc.bat_v_avgd	15.281723233333334
37002614	fc.state	5
37002614	fc.alt	26657.578125
37502627	gs.rssi	-87
37502627	comms.recd	6440
37502627	tpc.state	0
37502627	fc.pwr	1
37502627	tpc.gps
37502627	tpc.bat_v	15.295264
37502627	tpc.bat_v_avgd	15.282529233333332
37502627	fc.state	5
37502627	fc.alt	26659.421875
38002661	gs.rssi	-85
38002661	comms.recd	6560
38002661	tpc.state	0
38002661	fc.pwr	1
38002661	tpc.gps
38002661	tpc.bat_v	15.343625
38002661	tpc.bat_v_avgd	15.284302466666665
38002661	fc.state	6
38002661	fc.alt	26665.5625
38502707	gs.rssi	-85
38502707	comms.recd	6680
38502707	tpc.state	0
38502707	fc.pwr	1
38502707	tpc.gps
38502707	tpc.bat_v	15.266248
38502707	tpc.bat_v_avgd	15.284463666666664
38502707	fc.state	7
38502707	fc.alt	26666.390625
39002724	gs.rssi	-81
39002724	comms.recd	6800
39002724	tpc.state	0
39002724	fc.pwr	1
39002724	tpc.gps
39002724	tpc.bat_v	15.348461
39002724	tpc.bat_v_avgd	15.286398099999996
39002724	fc.state	7
39002724	fc.alt	26670.28125
39502761	gs.rssi	-82
39502761	comms.recd	6920
39502761	tpc.state	0
39502761	fc.pwr	1
39502761	tpc.gps
39502761	tpc.bat_v	15.213051
39502761	tpc.bat_v_avgd	15.284624866666665
39502761	fc.state	7
39502761	fc.alt	26670.28125
40002796	gs.rssi	-81
40002796	comms.recd	7040
40002796	tpc.state	0
40002796	fc.pwr	1
40002796	tpc.gps
40002796	tpc.bat_v	15.285592
40002796	tpc.bat_v_avgd	15.283657633333329
40002796	fc.state	7
40002796	fc.alt	26667.40625
40502849	gs.rssi	-81
40502849	comms.recd	7160
40502849	tpc.state	0
40502849	fc.pwr	1
40502849	tpc.gps
40502849	tpc.bat_v	15.271084
40502849	tpc.bat_v_avgd	15.28333523333333
40502849	fc.state	7
40502849	fc.alt	26669.46875
41004532	gs.rssi	-81
41004532	comms.recd	7280
41004532	tpc.state	0
41004532	fc.pwr	1
41004532	tpc.gps
41004532	tpc.bat_v	15.271084
41004532	tpc.bat_v_avgd	15.28398003333333
41004532	fc.state	7
41004532	fc.alt	26664.140625
41504572	gs.rssi	-83
41504572	comms.recd	7400
41504572	tpc.state	0
41504572	fc.pwr	1
41504572	tpc.gps
41504572	tpc.bat_v	15.285592
41504572	tpc.bat_v_avgd	15.28140083333333
41504572	fc.state	7
41504572	fc.alt	26658.1875
42004613	gs.rssi	-83
42004613	comms.recd	7520
42004613	tpc.state	0
42004613	fc.pwr	1
42004613	tpc.gps
42004613	tpc.bat_v	15.285592
42004613	tpc.bat_v_avgd	15.282206833333332
42004613	fc.state	7
42004613	fc.alt	26665.984375
42504670	gs.rssi	-84
42504670	comms.recd	7640
42504670	tpc.state	0
42504670	fc.pwr	1
42504670	tpc.gps
42504670	tpc.bat_v	15.266248
42504670	tpc.bat_v_avgd	15.281562033333332
42504670	fc.state	7
42504670	fc.alt	26666.390625
43004670	gs.rssi	-80
43004670	comms.recd	7760
43004670	tpc.state	0
43004670	fc.pwr	1
43004670	tpc.gps
43004670	tpc.bat_v	15.246903
43004670	tpc.bat_v_avgd	15.28317403333333
43004670	fc.state	7
43004670	fc.alt	26665.984375
43504699	gs.rssi	-81
43504699	comms.recd	7880
43504699	tpc.state	0
43504699	fc.pwr	1
43504699	tpc.gps
43504699	tpc.bat_v	15.295264
43504699	tpc.bat_v_avgd	15.28333523333333
43504699	fc.state	7
43504699	fc.alt	26664.140625
44004761	gs.rssi	-82
44004761	comms.recd	8000
44004761	tpc.state	0
44004761	fc.pwr	1
44004761	tpc.gps
44004761	tpc.bat_v	15.285592
44004761	tpc.bat_v_avgd	15.283496433333331
44004761	fc.state	7
44004761	fc.alt	-188336.484375
44504789	gs.rssi	-82
44504789	comms.recd	8120
44504789	tpc.state	0
44504789	fc.pwr	1
44504789	tpc.gps
44504789	tpc.bat_v	15.319445
44504789	tpc.bat_v_avgd	15.285108466666664
44504789	fc.state	7
44504789	fc.alt	26663.3125
45004837	gs.rssi	-83
45004837	comms.recd	8240
45004837	tpc.state	0
45004837	fc.pwr	1
45004837	tpc.gps
45004837	tpc.bat_v	15.324281
45004837	tpc.bat_v_avgd	15.286236899999997
45004837	fc.state	7
45004837	fc.alt	-188340.59375
45505002	gs.rssi	-82
45505002	comms.recd	8360
45505002	tpc.state	0
45505002	fc.pwr	1
45505002	tpc.gps
45505002	tpc.bat_v	15.27592
45505002	tpc.bat_v_avgd	15.285430899999996
45505002	fc.state	7
45505002	fc.alt	26659.828125
46005051	gs.rssi	-82
46005051	comms.recd	8480
46005051	tpc.state	0
46005051	fc.pwr	1
46005051	tpc.gps
46005051	tpc.bat_v	15.285592
46005051	tpc.bat_v_avgd	15.285269699999995
46005051	fc.state	7
46005051	fc.alt	26665.359375
46505109	gs.rssi	-82
46505109	comms.recd	8600
46505109	tpc.state	0
46505109	fc.pwr	1
46505109	tpc.gps
46505109	tpc.bat_v	15.285592
46505109	tpc.bat_v_avgd	15.286075699999996
46505109	fc.state	7
46505109	fc.alt	26665.359375
47005114	gs.rssi	-84
47005114	comms.recd	8720
47005114	tpc.state	0
47005114	fc.pwr	1
47005114	tpc.gps
47005114	tpc.bat_v	15.266248
47005114	tpc.bat_v_avgd	15.286075699999998
47005114	fc.state	7
47005114	fc.alt	26658.796875
47505152	gs.rssi	-82
47505152	comms.recd	8840
47505152	tpc.state	0
47505152	fc.pwr	1
47505152	tpc.gps
47505152	tpc.bat_v	15.295264
47505152	tpc.bat_v_avgd	15.2867205
47505152	fc.state	7
47505152	fc.alt	26661.0625
48005214	gs.rssi	-81
48005214	comms.recd	8960
48005214	tpc.state	0
48005214	fc.pwr	1
48005214	tpc.gps
48005214	tpc.bat_v	15.222723
48005214	tpc.bat_v_avgd	15.284463666666664
48005214	fc.state	7
48005214	fc.alt	26667.828125
48505271	gs.rssi	-81
48505271	comms.recd	9080
48505271	tpc.state	0
48505271	fc.pwr	1
48505271	tpc.gps
48505271	tpc.bat_v	15.285592
48505271	tpc.bat_v_avgd	15.285269666666665
48505271	fc.state	7
48505271	fc.alt	26671.515625
49005330	gs.rssi	-82
49005330	comms.recd	9200
49005330	tpc.state	0
49005330	fc.pwr	1
49005330	tpc.gps
49005330	tpc.bat_v	15.285592
49005330	tpc.bat_v_avgd	15.285592066666664
49005330	fc.state	7
49005330	fc.alt	26664.140625
49505332	gs.rssi	-87
49505332	comms.recd	9320
49505332	tpc.state	0
49505332	fc.pwr	1
49505332	tpc.gps
49505332	tpc.bat_v	15.304936
49505332	tpc.bat_v_avgd	15.287204066666666
49505332	fc.state	7
49505332	fc.alt	26669.671875
50006157	gs.rssi	-86
50006157	comms.recd	9440
50006157	tpc.state	0
50006157	fc.pwr	1
50006157	tpc.gps
50006157	tpc.bat_v	15.309772
50006157	tpc.bat_v_avgd	15.286559233333332
50006157	fc.state	7
50006157	fc.alt	-188332.1875
50506165	gs.rssi	-86
50506165	comms.recd	9560
50506165	tpc.state	0
50506165	fc.pwr	1
50506165	tpc.gps
50506165	tpc.bat_v	15.290428
50506165	tpc.bat_v_avgd	15.286881633333333
50506165	fc.state	7
50506165	fc.alt	-188337.109375
51006208	gs.rssi	-86
51006208	comms.recd	9680
51006208	tpc.state	0
51006208	fc.pwr	1
51006208	tpc.gps
51006208	tpc.bat_v	15.290428
51006208	tpc.bat_v_avgd	15.286881633333333
51006208	fc.state	7
51006208	fc.alt	-188340.59375
51506208	gs.rssi	-85
51506208	comms.recd	9800
51506208	tpc.state	0
51506208	fc.pwr	1
51506208	tpc.gps
51506208	tpc.bat_v	15.25174
51506208	tpc.bat_v_avgd	15.285108433333335
51506208	fc.state	7
51506208	fc.alt	-188340.1875
52006227	gs.rssi	-82
52006227	comms.recd	9920
52006227	tpc.state	0
52006227	fc.pwr	1
52006227	tpc.gps
52006227	tpc.bat_v	15.271084
52006227	tpc.bat_v_avgd	15.284141233333333
52006227	fc.state	7
52006227	fc.alt	26669.875
52506228	gs.rssi	-81
52506228	comms.recd	10040
52506228	tpc.state	0
52506228	fc.pwr	1
52506228	tpc.gps
52506228	tpc.bat_v	15.304936
52506228	tpc.bat_v_avgd	15.284463633333333
52506228	fc.state	7
52506228	fc.alt	-188341
53006248	gs.rssi	-80
53006248	comms.recd	10160
53006248	tpc.state	0
53006248	fc.pwr	1
53006248	tpc.gps
53006248	tpc.bat_v	15.329117
53006248	tpc.bat_v_avgd	15.283980033333332
53006248	fc.state	7
53006248	fc.alt	-188338.953125
53506255	gs.rssi	-82
53506255	comms.recd	10280
53506255	tpc.state	0
53506255	fc.pwr	1
53506255	tpc.gps
53506255	tpc.bat_v	15.266248
53506255	tpc.bat_v_avgd	15.283980033333334
53506255	fc.state	7
53506255	fc.alt	26659.421875
54006288	gs.rssi	-85
54006288	comms.recd	10400
54006288	tpc.state	0
54006288	fc.pwr	1
54006288	tpc.gps
54006288	tpc.bat_v	15.27592
54006288	tpc.bat_v_avgd	15.281562000000001
54006288	fc.state	7
54006288	fc.alt	26669.46875
54506342	gs.rssi	-81
54506342	comms.recd	10520
54506342	tpc.state	0
54506342	fc.pwr	1
54506342	tpc.gps
54506342	tpc.bat_v	15.285592
54506342	tpc.bat_v_avgd	15.283980033333334
54506342	fc.state	7
54506342	fc.alt	-188339.359375
55006355	gs.rssi	-81
55006355	comms.recd	10640
55006355	tpc.state	0
55006355	fc.pwr	1
55006355	tpc.gps
55006355	tpc.bat_v	15.280756
55006355	tpc.bat_v_avgd	15.283818833333333
55006355	fc.state	7
55006355	fc.alt	-188339.96875
55506379	gs.rssi	-82
55506379	comms.recd	10760
55506379	tpc.state	0
55506379	fc.pwr	1
55506379	tpc.gps
55506379	tpc.bat_v	15.271084
55506379	tpc.bat_v_avgd	15.283818833333331
55506379	fc.state	7
55506379	fc.alt	26670.6875
56006418	gs.rssi	-82
56006418	comms.recd	10880
56006418	tpc.state	0
56006418	fc.pwr	1
56006418	tpc.gps
56006418	tpc.bat_v	15.179198
56006418	tpc.bat_v_avgd	15.280755966666668
56006418	fc.state	7
56006418	fc.alt	26664.34375
56506476	gs.rssi	-84
56506476	comms.recd	11000
56506476	tpc.state	0
56506476	fc.pwr	1
56506476	tpc.gps
56506476	tpc.bat_v	15.285592
56506476	tpc.bat_v_avgd	15.280755966666666
56506476	fc.state	7
56506476	fc.alt	26658.390625
57006506	gs.rssi	-82
57006506	comms.recd	11120
57006506	tpc.state	0
57006506	fc.pwr	1
57006506	tpc.gps
57006506	tpc.bat_v	15.222723
57006506	tpc.bat_v_avgd	15.278660333333331
57006506	fc.state	7
57006506	fc.alt	-188339.5625
57506508	gs.rssi	-81
57506508	comms.recd	11240
57506508	tpc.state	0
57506508	fc.pwr	1
57506508	tpc.gps
57506508	tpc.bat_v	15.222723
57506508	tpc.bat_v_avgd	15.277209499999996
57506508	fc.state	7
57506508	fc.alt	26664.953125
58006555	gs.rssi	-81
58006555	comms.recd	11360
58006555	tpc.state	0
58006555	fc.pwr	1
58006555	tpc.gps
58006555	tpc.bat_v	15.232395
58006555	tpc.bat_v_avgd	15.276725899999997
58006555	fc.state	7
58006555	fc.alt	-188337.3125
58506591	gs.rssi	-82
58506591	comms.recd	11480
58506591	tpc.state	0
58506591	fc.pwr	1
58506591	tpc.gps
58506591	tpc.bat_v	15.266248
58506591	tpc.bat_v_avgd	15.275758699999999
58506591	fc.state	7
58506591	fc.alt	26665.15625
59006596	gs.rssi	-83
59006596	comms.recd	11600
59006596	tpc.state	0
59006596	fc.pwr	1
59006596	tpc.gps
59006596	tpc.bat_v	15.256576
59006596	tpc.bat_v_avgd	15.2747915
59006596	fc.state	7
59006596	fc.alt	26669.046875
59506622	gs.rssi	-81
59506622	comms.recd	11720
59506622	tpc.state	0
59506622	fc.pwr	1
59506622	tpc.gps
59506622	tpc.bat_v	15.27592
59506622	tpc.bat_v_avgd	15.273340666666664
59506622	fc.state	7
59506622	fc.alt	26670.6875
60006669	gs.rssi	-82
60006669	comms.recd	11840
60006669	tpc.state	0
60006669	fc.pwr	1
60006669	tpc.gps
60006669	tpc.bat_v	15.213051
60006669	tpc.bat_v_avgd	15.269632999999997
60006669	fc.state	7
60006669	fc.alt	26665.359375
60506720	gs.rssi	-83
60506720	comms.recd	11960
60506720	tpc.state	0
60506720	fc.pwr	1
60506720	tpc.gps
60506720	tpc.bat_v	15.266248
60506720	tpc.bat_v_avgd	15.269310599999995
60506720	fc.state	7
60506720	fc.alt	26671.515625
61006752	gs.rssi	-82
61006752	comms.recd	12080
61006752	tpc.state	0
61006752	fc.pwr	1
61006752	tpc.gps
61006752	tpc.bat_v	15.271084
61006752	tpc.bat_v_avgd	15.268826999999996
61006752	fc.state	7
61006752	fc.alt	26669.265625
61506783	gs.rssi	-82
61506783	comms.recd	12200
61506783	tpc.state	0
61506783	fc.pwr	1
61506783	tpc.gps
61506783	tpc.bat_v	15.242067
61506783	tpc.bat_v_avgd	15.267376166666663
61506783	fc.state	7
61506783	fc.alt	-188341
62006794	gs.rssi	-81
62006794	comms.recd	12320
62006794	tpc.state	0
62006794	fc.pwr	1
62006794	tpc.gps
62006794	tpc.bat_v	15.266248
62006794	tpc.bat_v_avgd	15.267376166666667
62006794	fc.state	7
62006794	fc.alt	26670.28125
62506813	gs.rssi	-82
62506813	comms.recd	12440
62506813	tpc.state	0
62506813	fc.pwr	1
62506813	tpc.gps
62506813	tpc.bat_v	15.184034
62506813	tpc.bat_v_avgd	15.2636685
62506813	fc.state	7
62506813	fc.alt	26667.40625
63006848	gs.rssi	-82
63006848	comms.recd	12560
63006848	tpc.state	0
63006848	fc.pwr	1
63006848	tpc.gps
63006848	tpc.bat_v	15.27592
63006848	tpc.bat_v_avgd	15.265441733333335
63006848	fc.state	7
63006848	fc.alt	26664.546875
63506879	gs.rssi	-83
63506879	comms.recd	12680
63506879	tpc.state	0
63506879	fc.pwr	1
63506879	tpc.gps
63506879	tpc.bat_v	15.266248
63506879	tpc.bat_v_avgd	15.264796933333335
63506879	fc.state	7
63506879	fc.alt	-188339.765625
64006900	gs.rssi	-82
64006900	comms.recd	12800
64006900	tpc.state	0
64006900	fc.pwr	1
64006900	tpc.gps
64006900	tpc.bat_v	15.25174
64006900	tpc.bat_v_avgd	15.263668533333336
64006900	fc.state	7
64006900	fc.alt	-188338.125
64506960	gs.rssi	-81
64506960	comms.recd	12920
64506960	tpc.state	0
64506960	fc.pwr	1
64506960	tpc.gps
64506960	tpc.bat_v	15.25174
64506960	tpc.bat_v_avgd	15.261895333333335
64506960	fc.state	7
64506960	fc.alt	26667.828125
65006979	gs.rssi	-83
65006979	comms.recd	13040
65006979	tpc.state	0
65006979	fc.pwr	1
65006979	tpc.gps
65006979	tpc.bat_v	15.271084
65006979	tpc.bat_v_avgd	15.260605733333334
65006979	fc.state	7
65006979	fc.alt	-188339.5625
65508137	gs.rssi	-81
65508137	comms.recd	13160
65508137	tpc.state	0
65508137	fc.pwr	1
65508137	tpc.gps
65508137	tpc.bat_v	15.222723
65508137	tpc.bat_v_avgd	15.258348899999998
65508137	fc.state	7
65508137	fc.alt	-188339.359375
66008163	gs.rssi	-82
66008163	comms.recd	13280
66008163	tpc.state	0
66008163	fc.pwr	1
66008163	tpc.gps
66008163	tpc.bat_v	15.246903
66008163	tpc.bat_v_avgd	15.256898066666663
66008163	fc.state	7
66008163	fc.alt	-188331.359375
66508177	gs.rssi	-84
66508177	comms.recd	13400
66508177	tpc.state	0
66508177	fc.pwr	1
66508177	tpc.gps
66508177	tpc.bat_v	15.266248
66508177	tpc.bat_v_avgd	15.257381666666666
66508177	fc.state	7
66508177	fc.alt	-188336.90625
67008219	gs.rssi	-86
67008219	comms.recd	13520
67008219	tpc.state	0
67008219	fc.pwr	1
67008219	tpc.gps
67008219	tpc.bat_v	15.232395
67008219	tpc.bat_v_avgd	15.25609203333333
67008219	fc.state	7
67008219	fc.alt	26664.546875
67508240	gs.rssi	-86
67508240	comms.recd	13640
67508240	tpc.state	0
67508240	fc.pwr	1
67508240	tpc.gps
67508240	tpc.bat_v	15.304936
67508240	tpc.bat_v_avgd	15.25609203333333
67508240	fc.state	7
67508240	fc.alt	26670.6875
68008248	gs.rssi	-86
68008248	comms.recd	13760
68008248	tpc.state	0
68008248	fc.pwr	1
68008248	tpc.gps
68008248	tpc.bat_v	15.261412
68008248	tpc.bat_v_avgd	15.253835199999997
68008248	fc.state	7
68008248	fc.alt	-188338.125
68508283	gs.rssi	-86
68508283	comms.recd	13880
68508283	tpc.state	0
68508283	fc.pwr	1
68508283	tpc.gps
68508283	tpc.bat_v	15.227559
68508283	tpc.bat_v_avgd	15.252545566666663
68508283	fc.state	7
68508283	fc.alt	26670.28125
69008283	gs.rssi	-86
69008283	comms.recd	14000
69008283	tpc.state	0
69008283	fc.pwr	1
69008283	tpc.gps
69008283	tpc.bat_v	15.266248
69008283	tpc.bat_v_avgd	15.252223166666662
69008283	fc.state	7
69008283	fc.alt	-188338.328125
69508328	gs.rssi	-87
69508328	comms.recd	14120
69508328	tpc.state	0
69508328	fc.pwr	1
69508328	tpc.gps
69508328	tpc.bat_v	15.256576
69508328	tpc.bat_v_avgd	15.251255966666664
69508328	fc.state	7
69508328	fc.alt	-188338.75
70008394	gs.rssi	-87
70008394	comms.recd	14240
70008394	tpc.state	0
70008394	fc.pwr	1
70008394	tpc.gps
70008394	tpc.bat_v	15.271084
70008394	tpc.bat_v_avgd	15.250933566666664
70008394	fc.state	7
70008394	fc.alt	-188340.796875
70508447	gs.rssi	-86
70508447	comms.recd	14360
70508447	tpc.state	0
70508447	fc.pwr	1
70508447	tpc.gps
70508447	tpc.bat_v	15.266248
70508447	tpc.bat_v_avgd	15.250772366666663
70508447	fc.state	7
70508447	fc.alt	26660.640625
71008490	gs.rssi	-87
71008490	comms.recd	14480
71008490	tpc.state	0
71008490	fc.pwr	1
71008490	tpc.gps
71008490	tpc.bat_v	15.261412
71008490	tpc.bat_v_avgd	15.25351283333333
71008490	fc.state	7
71008490	fc.alt	-188338.328125
71508506	gs.rssi	-88
71508506	comms.recd	14600
71508506	tpc.state	0
71508506	fc.pwr	1
71508506	tpc.gps
71508506	tpc.bat_v	15.271084
71508506	tpc.bat_v_avgd	15.253029233333331
71508506	fc.state	7
71508506	fc.alt	-188341
72008559	gs.rssi	-89
72008559	comms.recd	14720
72008559	tpc.state	0
72008559	fc.pwr	1
72008559	tpc.gps
72008559	tpc.bat_v	15.217887
72008559	tpc.bat_v_avgd	15.252868033333332
72008559	fc.state	7
72008559	fc.alt	26663.71875
72508564	gs.rssi	-85
72508564	comms.recd	14840
72508564	tpc.state	0
72508564	fc.pwr	1
72508564	tpc.gps
72508564	tpc.bat_v	15.227559
72508564	tpc.bat_v_avgd	15.253029233333335
72508564	fc.state	7
72508564	fc.alt	26661.46875
73008618	gs.rssi	-85
73008618	comms.recd	14960
73008618	tpc.state	0
73008618	fc.pwr	1
73008618	tpc.gps
73008618	tpc.bat_v	15.222723
73008618	tpc.bat_v_avgd	15.252706833333333
73008618	fc.state	7
73008618	fc.alt	26666.796875
73508648	gs.rssi	-88
73508648	comms.recd	15080
73508648	tpc.state	0
73508648	fc.pwr	1
73508648	tpc.gps
73508648	tpc.bat_v	15.261412
73508648	tpc.bat_v_avgd	15.252545633333334
73508648	fc.state	7
73508648	fc.alt	26652.859375
74008686	gs.rssi	-88
74008686	comms.recd	15200
74008686	tpc.state	0
74008686	fc.pwr	1
74008686	tpc.gps
74008686	tpc.bat_v	15.25174
74008686	tpc.bat_v_avgd	15.252384433333333
74008686	fc.state	7
74008686	fc.alt	26658.59375
74508744	gs.rssi	-93
74508744	comms.recd	15320
74508744	tpc.state	0
74508744	fc.pwr	1
74508744	tpc.gps
74508744	tpc.bat_v	15.232395
74508744	tpc.bat_v_avgd	15.250933599999998
74508744	fc.state	7
74508744	fc.alt	26652.65625
75008761	gs.rssi	-89
75008761	comms.recd	15440
75008761	tpc.state	0
75008761	fc.pwr	1
75008761	tpc.gps
75008761	tpc.bat_v	15.266248
75008761	tpc.bat_v_avgd	15.252706833333331
75008761	fc.state	7
75008761	fc.alt	26654.296875
75508791	gs.rssi	-87
75508791	comms.recd	15560
75508791	tpc.state	0
75508791	fc.pwr	1
75508791	tpc.gps
75508791	tpc.bat_v	15.246903
75508791	tpc.bat_v_avgd	15.252061999999997
75508791	fc.state	7
75508791	fc.alt	26646.09375
76008844	gs.rssi	-89
76008844	comms.recd	15680
76008844	tpc.state	0
76008844	fc.pwr	1
76008844	tpc.gps
76008844	tpc.bat_v	15.290428
76008844	tpc.bat_v_avgd	15.252706799999999
76008844	fc.state	7
76008844	fc.alt	26658.390625
76508879	gs.rssi	-87
76508879	comms.recd	15800
76508879	tpc.state	0
76508879	fc.pwr	1
76508879	tpc.gps
76508879	tpc.bat_v	15.237231
76508879	tpc.bat_v_avgd	15.252545599999998
76508879	fc.state	7
76508879	fc.alt	26666.796875
77008933	gs.rssi	-84
77008933	comms.recd	15920
77008933	tpc.state	0
77008933	fc.pwr	1
77008933	tpc.gps
77008933	tpc.bat_v	15.246903
77008933	tpc.bat_v_avgd	15.251900766666665
77008933	fc.state	7
77008933	fc.alt	26665.15625
77508992	gs.rssi	-83
77508992	comms.recd	16040
77508992	tpc.state	0
77508992	fc.pwr	1
77508992	tpc.gps
77508992	tpc.bat_v	15.155018
77508992	tpc.bat_v_avgd	15.250933566666664
77508992	fc.state	7
77508992	fc.alt	26661.671875
78009026	gs.rssi	-84
78009026	comms.recd	16160
78009026	tpc.state	0
78009026	fc.pwr	1
78009026	tpc.gps
78009026	tpc.bat_v	15.266248
78009026	tpc.bat_v_avgd	15.250611166666665
78009026	fc.state	7
78009026	fc.alt	26666.796875
78509069	gs.rssi	-85
78509069	comms.recd	16280
78509069	tpc.state	0
78509069	fc.pwr	1
78509069	tpc.gps
78509069	tpc.bat_v	15.266248
78509069	tpc.bat_v_avgd	15.250611166666665
78509069	fc.state	7
78509069	fc.alt	26669.46875
79009078	gs.rssi	-82
79009078	comms.recd	16400
79009078	tpc.state	0
79009078	fc.pwr	1
79009078	tpc.gps
79009078	tpc.bat_v	15.309772
79009078	tpc.bat_v_avgd	15.252545566666667
79009078	fc.state	7
79009078	fc.alt	26667.203125
79509082	gs.rssi	-82
79509082	comms.recd	16520
79509082	tpc.state	0
79509082	fc.pwr	1
79509082	tpc.gps
79509082	tpc.bat_v	15.25174
79509082	tpc.bat_v_avgd	15.252545566666665
79509082	fc.state	7
79509082	fc.alt	26665.984375
80009134	gs.rssi	-83
80009134	comms.recd	16640
80009134	tpc.state	0
80009134	fc.pwr	1
80009134	tpc.gps
80009134	tpc.bat_v	15.179198
80009134	tpc.bat_v_avgd	15.249482699999998
80009134	fc.state	7
80009134	fc.alt	26658.1875
80509192	gs.rssi	-87
80509192	comms.recd	16760
80509192	tpc.state	0
80509192	fc.pwr	1
80509192	tpc.gps
80509192	tpc.bat_v	15.25174
80509192	tpc.bat_v_avgd	15.250449933333332
80509192	fc.state	7
80509192	fc.alt	26666.390625
81010559	gs.rssi	-87
81010559	comms.recd	16880
81010559	tpc.state	0
81010559	fc.pwr	1
81010559	tpc.gps
81010559	tpc.bat_v	15.222723
81010559	tpc.bat_v_avgd	15.249643933333333
81010559	fc.state	7
81010559	fc.alt	26658.1875
81510585	gs.rssi	-92
81510585	comms.recd	17000
81510585	tpc.state	0
81510585	fc.pwr	1
81510585	tpc.gps
81510585	tpc.bat_v	15.179198
81510585	tpc.bat_v_avgd	15.246742266666665
81510585	fc.state	7
81510585	fc.alt	26664.34375
82510598	gs.rssi	-86
82510598	comms.recd	17120
82510598	tpc.state	0
82510598	fc.pwr	1
82510598	tpc.gps
82510598	tpc.bat_v	15.271084
82510598	tpc.bat_v_avgd	15.248031899999997
82510598	fc.state	7
82510598	fc.alt	26667.40625
83010603	gs.rssi	-86
83010603	comms.recd	17240
83010603	tpc.state	0
83010603	fc.pwr	1
83010603	tpc.gps
83010603	tpc.bat_v	15.246903
83010603	tpc.bat_v_avgd	15.246097466666663
83010603	fc.state	7
83010603	fc.alt	26665.984375
83510661	gs.rssi	-86
83510661	comms.recd	17360
83510661	tpc.state	0
83510661	fc.pwr	1
83510661	tpc.gps
83510661	tpc.bat_v	15.246903
83510661	tpc.bat_v_avgd	15.245613833333328
83510661	fc.state	7
83510661	fc.alt	-188328.90625
84010720	gs.rssi	-88
84010720	comms.recd	17480
84010720	tpc.state	0
84010720	fc.pwr	1
84010720	tpc.gps
84010720	tpc.bat_v	15.280756
84010720	tpc.bat_v_avgd	15.247387066666663
84010720	fc.state	7
84010720	fc.alt	26670.6875
84510753	gs.rssi	-89
84510753	comms.recd	17600
84510753	tpc.state	0
84510753	fc.pwr	1
84510753	tpc.gps
84510753	tpc.bat_v	15.227559
84510753	tpc.bat_v_avgd	15.246097433333329
84510753	fc.state	7
84510753	fc.alt	26666.1875
85010816	gs.rssi	-88
85010816	comms.recd	17720
85010816	tpc.state	0
85010816	fc.pwr	1
85010816	tpc.gps
85010816	tpc.bat_v	15.242067
85010816	tpc.bat_v_avgd	15.245613799999997
85010816	fc.state	7
85010816	fc.alt	26667.828125
85510865	gs.rssi	-87
85510865	comms.recd	17840
85510865	tpc.state	0
85510865	fc.pwr	1
85510865	tpc.gps
85510865	tpc.bat_v	15.25174
85510865	tpc.bat_v_avgd	15.244968999999996
85510865	fc.state	7
85510865	fc.alt	26661.46875
86010875	gs.rssi	-89
86010875	comms.recd	17960
86010875	tpc.state	0
86010875	fc.pwr	1
86010875	tpc.gps
86010875	tpc.bat_v	15.256576
86010875	tpc.bat_v_avgd	15.244646599999992
86010875	fc.state	7
86010875	fc.alt	26666.796875
86510916	gs.rssi	-87
86510916	comms.recd	18080
86510916	tpc.state	0
86510916	fc.pwr	1
86510916	tpc.gps
86510916	tpc.bat_v	15.266248
86510916	tpc.bat_v_avgd	15.244807799999995
86510916	fc.state	7
86510916	fc.alt	26668.4375
87010973	gs.rssi	-88
87010973	comms.recd	18200
87010973	tpc.state	0
87010973	fc.pwr	1
87010973	tpc.gps
87010973	tpc.bat_v	15.304936
87010973	tpc.bat_v_avgd	15.245936199999996
87010973	fc.state	7
87010973	fc.alt	26657.578125
87510999	gs.rssi	-92
87510999	comms.recd	18320
87510999	tpc.state	0
87510999	fc.pwr	1
87510999	tpc.gps
87510999	tpc.bat_v	15.256576
87510999	tpc.bat_v_avgd	15.24722583333333
87510999	fc.state	7
87510999	fc.alt	26660.234375
88011058	gs.rssi	-91
88011058	comms.recd	18440
88011058	tpc.state	0
88011058	fc.pwr	1
88011058	tpc.gps
88011058	tpc.bat_v	15.25174
88011058	tpc.bat_v_avgd	15.248031866666663
88011058	fc.state	7
88011058	fc.alt	26660.4375
88511114	gs.rssi	-89
88511114	comms.recd	18560
88511114	tpc.state	0
88511114	fc.pwr	1
88511114	tpc.gps
88511114	tpc.bat_v	15.261412
88511114	tpc.bat_v_avgd	15.249321499999997
88511114	fc.state	7
88511114	fc.alt	26662.078125
89011139	gs.rssi	-87
89011139	comms.recd	18680
89011139	tpc.state	0
89011139	fc.pwr	1
89011139	tpc.gps
89011139	tpc.bat_v	15.271084
89011139	tpc.bat_v_avgd	15.249643899999997
89011139	fc.state	7
89011139	fc.alt	26669.46875
89511144	gs.rssi	-88
89511144	comms.recd	18800
89511144	tpc.state	0
89511144	fc.pwr	1
89511144	tpc.gps
89511144	tpc.bat_v	15.246903
89511144	tpc.bat_v_avgd	15.249482666666665
89511144	fc.state	7
89511144	fc.alt	26666.390625
90011145	gs.rssi	-88
90011145	comms.recd	18920
90011145	tpc.state	0
90011145	fc.pwr	1
90011145	tpc.gps
90011145	tpc.bat_v	15.271084
90011145	tpc.bat_v_avgd	15.250772299999996
90011145	fc.state	7
90011145	fc.alt	26669.265625
90511193	gs.rssi	-87
90511193	comms.recd	19040
90511193	tpc.state	0
90511193	fc.pwr	1
90511193	tpc.gps
90511193	tpc.bat_v	15.329117
90511193	tpc.bat_v_avgd	15.252867933333333
90511193	fc.state	7
90511193	fc.alt	26670.28125
91011234	gs.rssi	-89
91011234	comms.recd	19160
91011234	tpc.state	0
91011234	fc.pwr	1
91011234	tpc.gps
91011234	tpc.bat_v	15.266248
91011234	tpc.bat_v_avgd	15.253512766666665
91011234	fc.state	7
91011234	fc.alt	26662.078125
91511240	gs.rssi	-90
91511240	comms.recd	19280
91511240	tpc.state	0
91511240	fc.pwr	1
91511240	tpc.gps
91511240	tpc.bat_v	15.261412
91511240	tpc.bat_v_avgd	15.252545566666665
91511240	fc.state	7
91511240	fc.alt	26664.140625
92012063	gs.rssi	-91
92012063	comms.recd	19400
92012063	tpc.state	0
92012063	fc.pwr	1
92012063	tpc.gps
92012063	tpc.bat_v	15.266248
92012063	tpc.bat_v_avgd	15.2535128
92012063	fc.state	7
92012063	fc.alt	-188336.484375
92512082	gs.rssi	-91
92512082	comms.recd	19520
92512082	tpc.state	0
92512082	fc.pwr	1
92512082	tpc.gps
92512082	tpc.bat_v	15.271084
92512082	tpc.bat_v_avgd	15.254318833333333
92512082	fc.state	7
92512082	fc.alt	26655.515625
93012117	gs.rssi	-90
93012117	comms.recd	19640
93012117	tpc.state	0
93012117	fc.pwr	1
93012117	tpc.gps
93012117	tpc.bat_v	15.261412
93012117	tpc.bat_v_avgd	15.257865299999997
93012117	fc.state	7
93012117	fc.alt	26659
93512143	gs.rssi	-92
93512143	comms.recd	19760
93512143	tpc.state	0
93512143	fc.pwr	1
93512143	tpc.gps
93512143	tpc.bat_v	15.232395
93512143	tpc.bat_v_avgd	15.256736866666666
93512143	fc.state	7
93512143	fc.alt	26659
94012165	gs.rssi	-90
94012165	comms.recd	19880
94012165	tpc.state	0
94012165	fc.pwr	1
94012165	tpc.gps
94012165	tpc.bat_v	15.246903
94012165	tpc.bat_v_avgd	15.25609203333333
94012165	fc.state	7
94012165	fc.alt	26665.15625
94512177	gs.rssi	-88
94512177	comms.recd	20000
94512177	tpc.state	0
94512177	fc.pwr	1
94512177	tpc.gps
94512177	tpc.bat_v	15.285592
94512177	tpc.bat_v_avgd	15.25528603333333
94512177	fc.state	7
94512177	fc.alt	26653.875
95012205	gs.rssi	-90
95012205	comms.recd	20120
95012205	tpc.state	0
95012205	fc.pwr	1
95012205	tpc.gps
95012205	tpc.bat_v	15.222723
95012205	tpc.bat_v_avgd	15.254318799999997
95012205	fc.state	7
95012205	fc.alt	26665.15625
95512220	gs.rssi	-90
95512220	comms.recd	20240
95512220	tpc.state	0
95512220	fc.pwr	1
95512220	tpc.gps
95512220	tpc.bat_v	15.266248
95512220	tpc.bat_v_avgd	15.257220466666665
95512220	fc.state	7
95512220	fc.alt	26654.90625
96012259	gs.rssi	-89
96012259	comms.recd	20360
96012259	tpc.state	0
96012259	fc.pwr	1
96012259	tpc.gps
96012259	tpc.bat_v	15.242067
96012259	tpc.bat_v_avgd	15.256898033333332
96012259	fc.state	7
96012259	fc.alt	26662.90625
96512335	gs.rssi	-89
96512335	comms.recd	20480
96512335	tpc.state	0
96512335	fc.pwr	1
96512335	tpc.gps
96512335	tpc.bat_v	15.232395
96512335	tpc.bat_v_avgd	15.257220433333334
96512335	fc.state	7
96512335	fc.alt	26644.453125
97012368	gs.rssi	-87
97012368	comms.recd	20600
97012368	tpc.state	0
97012368	fc.pwr	1
97012368	tpc.gps
97012368	tpc.bat_v	15.242067
97012368	tpc.bat_v_avgd	15.259316066666667
97012368	fc.state	7
97012368	fc.alt	26666.390625
97512382	gs.rssi	-86
97512382	comms.recd	20720
97512382	tpc.state	0
97512382	fc.pwr	1
97512382	tpc.gps
97512382	tpc.bat_v	15.266248
97512382	tpc.bat_v_avgd	15.25915486666667
97512382	fc.state	7
97512382	fc.alt	-188339.5625
98012409	gs.rssi	-87
98012409	comms.recd	20840
98012409	tpc.state	0
98012409	fc.pwr	1
98012409	tpc.gps
98012409	tpc.bat_v	15.227559
98012409	tpc.bat_v_avgd	15.258510066666668
98012409	fc.state	7
98012409	fc.alt	-188338.125
98512418	gs.rssi	-85
98512418	comms.recd	20960
98512418	tpc.state	0
98512418	fc.pwr	1
98512418	tpc.gps
98512418	tpc.bat_v	15.18887
98512418	tpc.bat_v_avgd	15.256575633333334
98512418	fc.state	7
98512418	fc.alt	26664.546875
99012434	gs.rssi	-86
99012434	comms.recd	21080
99012434	tpc.state	0
99012434	fc.pwr	1
99012434	tpc.gps
99012434	tpc.bat_v	15.246903
99012434	tpc.bat_v_avgd	15.255447199999999
99012434	fc.state	7
99012434	fc.alt	-188339.15625
99512460	gs.rssi	-87
99512460	comms.recd	21200
99512460	tpc.state	0
99512460	fc.pwr	1
99512460	tpc.gps
99512460	tpc.bat_v	15.271084
99512460	tpc.bat_v_avgd	15.256898033333332
99512460	fc.state	7
99512460	fc.alt	26666.796875
100012492	gs.rssi	-93
100012492	comms.recd	21320
100012492	tpc.state	0
100012492	fc.pwr	1
100012492	tpc.gps
100012492	tpc.bat_v	15.271084
100012492	tpc.bat_v_avgd	15.257865266666665
100012492	fc.state	7
100012492	fc.alt	26662.703125
101512627	gs.rssi	-90
101512627	comms.recd	21440
101512627	tpc.state	0
101512627	fc.pwr	1
101512627	tpc.gps
101512627	tpc.bat_v	15.256576
101512627	tpc.bat_v_avgd	15.258026466666665
101512627	fc.state	7
101512627	fc.alt	-188339.765625
102012680	gs.rssi	-90
102012680	comms.recd	21560
102012680	tpc.state	0
102012680	fc.pwr	1
102012680	tpc.gps
102012680	tpc.bat_v	15.25174
102012680	tpc.bat_v_avgd	15.257865266666665
102012680	fc.state	7
102012680	fc.alt	26653.671875
102512684	gs.rssi	-89
102512684	comms.recd	21680
102512684	tpc.state	0
102512684	fc.pwr	1
102512684	tpc.gps
102512684	tpc.bat_v	15.246903
102512684	tpc.bat_v_avgd	15.257220433333332
102512684	fc.state	7
102512684	fc.alt	26665.359375
103012738	gs.rssi	-88
103012738	comms.recd	21800
103012738	tpc.state	0
103012738	fc.pwr	1
103012738	tpc.gps
103012738	tpc.bat_v	15.213051
103012738	tpc.bat_v_avgd	15.254157599999997
103012738	fc.state	7
103012738	fc.alt	26652.859375
103512740	gs.rssi	-84
103512740	comms.recd	21920
103512740	tpc.state	0
103512740	fc.pwr	1
103512740	tpc.gps
103512740	tpc.bat_v	15.261412
103512740	tpc.bat_v_avgd	15.254318799999997
103512740	fc.state	7
103512740	fc.alt	26669.265625
104012744	gs.rssi	-83
104012744	comms.recd	22040
104012744	tpc.state	0
104012744	fc.pwr	1
104012744	tpc.gps
104012744	tpc.bat_v	15.271084
104012744	tpc.bat_v_avgd	15.254963599999996
104012744	fc.state	7
104012744	fc.alt	26670.90625
104512760	gs.rssi	-83
104512760	comms.recd	22160
104512760	tpc.state	0
104512760	fc.pwr	1
104512760	tpc.gps
104512760	tpc.bat_v	15.295264
104512760	tpc.bat_v_avgd	15.256091999999995
104512760	fc.state	7
104512760	fc.alt	26663.109375
105012807	gs.rssi	-83
105012807	comms.recd	22280
105012807	tpc.state	0
105012807	fc.pwr	1
105012807	tpc.gps
105012807	tpc.bat_v	15.261412
105012807	tpc.bat_v_avgd	15.255769599999995
105012807	fc.state	7
105012807	fc.alt	26663.921875
105512827	gs.rssi	-84
105512827	comms.recd	22400
105512827	tpc.state	0
105512827	fc.pwr	1
105512827	tpc.gps
105512827	tpc.bat_v	15.266248
105512827	tpc.bat_v_avgd	15.256414433333328
105512827	fc.state	7
105512827	fc.alt	26664.546875
106012848	gs.rssi	-86
106012848	comms.recd	22520
106012848	tpc.state	0
106012848	fc.pwr	1
106012848	tpc.gps
106012848	tpc.bat_v	15.261412
106012848	tpc.bat_v_avgd	15.256092033333328
106012848	fc.state	7
106012848	fc.alt	26669.046875
107012874	gs.rssi	-82
107012874	comms.recd	22640
107012874	tpc.state	0
107012874	fc.pwr	1
107012874	tpc.gps
107012874	tpc.bat_v	15.266248
107012874	tpc.bat_v_avgd	15.253996399999995
107012874	fc.state	7
107012874	fc.alt	26650.59375
107512922	gs.rssi	-82
107512922	comms.recd	22760
107512922	tpc.state	0
107512922	fc.pwr	1
107512922	tpc.gps
107512922	tpc.bat_v	15.25174
107512922	tpc.bat_v_avgd	15.253512799999998
107512922	fc.state	7
107512922	fc.alt	26653.265625
108012931	gs.rssi	-81
108012931	comms.recd	22880
108012931	tpc.state	0
108012931	fc.pwr	1
108012931	tpc.gps
108012931	tpc.bat_v	15.271084
108012931	tpc.bat_v_avgd	15.253835199999996
108012931	fc.state	7
108012931	fc.alt	26648.75
108512993	gs.rssi	-82
108512993	comms.recd	23000
108512993	tpc.state	0
108512993	fc.pwr	1
108512993	tpc.gps
108512993	tpc.bat_v	15.266248
108512993	tpc.bat_v_avgd	15.2538352
108512993	fc.state	7
108512993	fc.alt	26652.65625
109012999	gs.rssi	-80
109012999	comms.recd	23120
109012999	tpc.state	0
109012999	fc.pwr	1
109012999	tpc.gps
109012999	tpc.bat_v	15.198543
109012999	tpc.bat_v_avgd	15.251417166666666
109012999	fc.state	7
109012999	fc.alt	26665.5625
109513046	gs.rssi	-76
109513046	comms.recd	23240
109513046	tpc.state	0
109513046	fc.pwr	1
109513046	tpc.gps
109513046	tpc.bat_v	15.271084
109513046	tpc.bat_v_avgd	15.251739566666666
109513046	fc.state	7
109513046	fc.alt	26665.5625
110013102	gs.rssi	-78
110013102	comms.recd	23360
110013102	tpc.state	0
110013102	fc.pwr	1
110013102	tpc.gps
110013102	tpc.bat_v	15.232395
110013102	tpc.bat_v_avgd	15.251739566666666
110013102	fc.state	7
110013102	fc.alt	26665.359375
110513145	gs.rssi	-79
110513145	comms.recd	23480
110513145	tpc.state	0
110513145	fc.pwr	1
110513145	tpc.gps
110513145	tpc.bat_v	15.179198
110513145	tpc.bat_v_avgd	15.249482733333334
110513145	fc.state	7
110513145	fc.alt	26670.28125
111013196	gs.rssi	-76
111013196	comms.recd	23600
111013196	tpc.state	0
111013196	fc.pwr	1
111013196	tpc.gps
111013196	tpc.bat_v	15.271084
111013196	tpc.bat_v_avgd	15.248999133333331
111013196	fc.state	7
111013196	fc.alt	26669.046875
111513249	gs.rssi	-79
111513249	comms.recd	23720
111513249	tpc.state	0
111513249	fc.pwr	1
111513249	tpc.gps
111513249	tpc.bat_v	15.309772
111513249	tpc.bat_v_avgd	15.251900766666665
111513249	fc.state	7
111513249	fc.alt	-188340.390625
112013252	gs.rssi	-79
112013252	comms.recd	23840
112013252	tpc.state	0
112013252	fc.pwr	1
112013252	tpc.gps
112013252	tpc.bat_v	15.213051
112013252	tpc.bat_v_avgd	15.250127533333332
112013252	fc.state	7
112013252	fc.alt	26663.3125
112513297	gs.rssi	-77
112513297	comms.recd	23960
112513297	tpc.state	0
112513297	fc.pwr	1
112513297	tpc.gps
112513297	tpc.bat_v	15.261412
112513297	tpc.bat_v_avgd	15.250772366666668
112513297	fc.state	7
112513297	fc.alt	26662.28125
113013316	gs.rssi	-78
113013316	comms.recd	24080
113013316	tpc.state	0
113013316	fc.pwr	1
113013316	tpc.gps
113013316	tpc.bat_v	15.25174
113013316	tpc.bat_v_avgd	15.251417199999997
113013316	fc.state	7
113013316	fc.alt	26660.640625
113513345	gs.rssi	-77
113513345	comms.recd	24200
113513345	tpc.state	0
113513345	fc.pwr	1
113513345	tpc.gps
113513345	tpc.bat_v	15.271084
113513345	tpc.bat_v_avgd	15.25238443333333
113513345	fc.state	7
113513345	fc.alt	-188340.59375
114013345	gs.rssi	-77
114013345	comms.recd	24320
114013345	tpc.state	0
114013345	fc.pwr	1
114013345	tpc.gps
114013345	tpc.bat_v	15.246903
114013345	tpc.bat_v_avgd	15.251739599999995
114013345	fc.state	7
114013345	fc.alt	26663.3125
114513375	gs.rssi	-76
114513375	comms.recd	24440
114513375	tpc.state	0
114513375	fc.pwr	1
114513375	tpc.gps
114513375	tpc.bat_v	15.319445
114513375	tpc.bat_v_avgd	15.254802466666662
114513375	fc.state	7
114513375	fc.alt	26665.78125
115013408	gs.rssi	-79
115013408	comms.recd	24560
115013408	tpc.state	0
115013408	fc.pwr	1
115013408	tpc.gps
115013408	tpc.bat_v	15.25174
115013408	tpc.bat_v_avgd	15.25689813333333
115013408	fc.state	7
115013408	fc.alt	26671.3125
115513470	gs.rssi	-79
115513470	comms.recd	24680
115513470	tpc.state	0
115513470	fc.pwr	1
115513470	tpc.gps
115513470	tpc.bat_v	15.25174
115513470	tpc.bat_v_avgd	15.25705936666666
115513470	fc.state	7
115513470	fc.alt	26648.34375
116013512	gs.rssi	-78
116013512	comms.recd	24800
116013512	tpc.state	0
116013512	fc.pwr	1
116013512	tpc.gps
116013512	tpc.bat_v	15.271084
116013512	tpc.bat_v_avgd	15.25705936666666
116013512	fc.state	7
116013512	fc.alt	26666.1875
116515292	gs.rssi	-79
116515292	comms.recd	24920
116515292	tpc.state	0
116515292	fc.pwr	1
116515292	tpc.gps
116515292	tpc.bat_v	15.256576
116515292	tpc.bat_v_avgd	15.25657576666666
116515292	fc.state	7
116515292	fc.alt	26664.75
117015341	gs.rssi	-76
117015341	comms.recd	25040
117015341	tpc.state	0
117015341	fc.pwr	1
117015341	tpc.gps
117015341	tpc.bat_v	15.227559
117015341	tpc.bat_v_avgd	15.255608533333326
117015341	fc.state	7
117015341	fc.alt	26661.671875
117515341	gs.rssi	-78
117515341	comms.recd	25160
117515341	tpc.state	0
117515341	fc.pwr	1
117515341	tpc.gps
117515341	tpc.bat_v	15.246903
117515341	tpc.bat_v_avgd	15.255447299999993
117515341	fc.state	7
117515341	fc.alt	26658.390625
118015394	gs.rssi	-79
118015394	comms.recd	25280
118015394	tpc.state	0
118015394	fc.pwr	1
118015394	tpc.gps
118015394	tpc.bat_v	15.266248
118015394	tpc.bat_v_avgd	15.256092133333327
118015394	fc.state	7
118015394	fc.alt	26657.984375
118515416	gs.rssi	-81
118515416	comms.recd	25400
118515416	tpc.state	0
118515416	fc.pwr	1
118515416	tpc.gps
118515416	tpc.bat_v	15.271084
118515416	tpc.bat_v_avgd	15.25802656666666
118515416	fc.state	7
118515416	fc.alt	26665.359375
119015460	gs.rssi	-79
119015460	comms.recd	25520
119015460	tpc.state	0
119015460	fc.pwr	1
119015460	tpc.gps
119015460	tpc.bat_v	15.280756
119015460	tpc.bat_v_avgd	15.25867136666666
119015460	fc.state	7
119015460	fc.alt	26667.625
119515510	gs.rssi	-79
119515510	comms.recd	25640
119515510	tpc.state	0
119515510	fc.pwr	1
119515510	tpc.gps
119515510	tpc.bat_v	15.280756
119515510	tpc.bat_v_avgd	15.258993766666661
119515510	fc.state	7
119515510	fc.alt	26659
120015510	gs.rssi	-79
120015510	comms.recd	25760
120015510	tpc.state	0
120015510	fc.pwr	1
120015510	tpc.gps
120015510	tpc.bat_v	15.25174
120015510	tpc.bat_v_avgd	15.25754296666666
120015510	fc.state	7
120015510	fc.alt	-188338.953125
120515518	gs.rssi	-76
120515518	comms.recd	25880
120515518	tpc.state	0
120515518	fc.pwr	1
120515518	tpc.gps
120515518	tpc.bat_v	15.18887
120515518	tpc.bat_v_avgd	15.255124899999997
120515518	fc.state	7
120515518	fc.alt	-188341
121015577	gs.rssi	-76
121015577	comms.recd	26000
121015577	tpc.state	0
121015577	fc.pwr	1
121015577	tpc.gps
121015577	tpc.bat_v	15.222723
121015577	tpc.bat_v_avgd	15.253674066666662
121015577	fc.state	7
121015577	fc.alt	-188334.640625
121515587	gs.rssi	-76
121515587	comms.recd	26120
121515587	tpc.state	0
121515587	fc.pwr	1
121515587	tpc.gps
121515587	tpc.bat_v	15.271084
121515587	tpc.bat_v_avgd	15.253996466666662
121515587	fc.state	7
121515587	fc.alt	26668.234375
1573901264065	comms.sent	176
1573901264124	comms.sent	220
1573901264371	comms.sent	264
1573901264617	comms.sent	308
1573901264863	comms.sent	352
1573901265109	comms.sent	396
1573901265356	comms.sent	440
-1453419673	gs.rssi	-76
122515646	gs.rssi	-75
122515646	comms.recd	26176
122515646	tpc.state	0
122515646	fc.pwr	0
122515646	tpc.gps
122515646	tpc.bat_v	15.285592
122515646	tpc.bat_v_avgd	15.254641266666663
-1453419673	gs.rssi	-75
-1453419673	gs.rssi	-75
123015701	gs.rssi	-75
123015701	comms.recd	26232
123015701	tpc.state	0
123015701	fc.pwr	0
123015701	tpc.gps
123015701	tpc.bat_v	15.290428
123015701	tpc.bat_v_avgd	15.255930866666665
-1453419673	gs.rssi	-75
123515717	gs.rssi	-75
123515717	comms.recd	26288
123515717	tpc.state	0
123515717	fc.pwr	0
123515717	tpc.gps
123515717	tpc.bat_v	15.27592
123515717	tpc.bat_v_avgd	15.256092066666666
124015723	gs.rssi	-76
124015723	comms.recd	26344
124015723	tpc.state	0
124015723	fc.pwr	0
124015723	tpc.gps
124015723	tpc.bat_v	15.246903
124015723	tpc.bat_v_avgd	15.255447233333332
124515764	gs.rssi	-76
124515764	comms.recd	26400
124515764	tpc.state	0
124515764	fc.pwr	0
124515764	tpc.gps
124515764	tpc.bat_v	15.280756
124515764	tpc.bat_v_avgd	15.258187666666663
125015821	gs.rssi	-75
125015821	comms.recd	26456
125015821	tpc.state	0
125015821	fc.pwr	0
125015821	tpc.gps
125015821	tpc.bat_v	15.27592
125015821	tpc.bat_v_avgd	15.258348866666664
125515857	gs.rssi	-76
125515857	comms.recd	26512
125515857	tpc.state	0
125515857	fc.pwr	0
125515857	tpc.gps
125515857	tpc.bat_v	15.266248
125515857	tpc.bat_v_avgd	15.259477299999997
126015867	gs.rssi	-76
126015867	comms.recd	26568
126015867	tpc.state	0
126015867	fc.pwr	0
126015867	tpc.gps
126015867	tpc.bat_v	15.193707
126015867	tpc.bat_v_avgd	15.259960933333334
1573901268459	comms.sent	484
-1453419673	gs.rssi	-79
126515867	gs.rssi	-77
126515867	comms.recd	26624
126515867	tpc.state	0
126515867	fc.pwr	1
126515867	tpc.gps
126515867	tpc.bat_v	15.242067
126515867	tpc.bat_v_avgd	15.2589937
127015887	gs.rssi	-76
127015887	comms.recd	26680
127015887	tpc.state	0
127015887	fc.pwr	1
127015887	tpc.gps
127015887	tpc.bat_v	15.266248
127015887	tpc.bat_v_avgd	15.2575429
127515901	gs.rssi	-76
127515901	comms.recd	26792
127515901	tpc.state	0
127515901	fc.pwr	1
127515901	tpc.gps
127515901	tpc.bat_v	15.246903
127515901	tpc.bat_v_avgd	15.2586713
127515901	fc.state	0
127515901	fc.alt	0
128015902	gs.rssi	-78
128015902	comms.recd	26904
128015902	tpc.state	0
128015902	fc.pwr	1
128015902	tpc.gps
128015902	tpc.bat_v	15.25174
128015902	tpc.bat_v_avgd	15.258348899999998
128015902	fc.state	0
128015902	fc.alt	0
128515931	gs.rssi	-76
128515931	comms.recd	27016
128515931	tpc.state	0
128515931	fc.pwr	1
128515931	tpc.gps
128515931	tpc.bat_v	15.27592
128515931	tpc.bat_v_avgd	15.259154899999999
128515931	fc.state	0
128515931	fc.alt	0
129015961	gs.rssi	-76
129015961	comms.recd	27128
129015961	tpc.state	0
129015961	fc.pwr	1
129015961	tpc.gps
129015961	tpc.bat_v	15.358132
129015961	tpc.bat_v_avgd	15.2620565
129015961	fc.state	0
129015961	fc.alt	0
129515992	gs.rssi	-76
129515992	comms.recd	27240
129515992	tpc.state	0
129515992	fc.pwr	1
129515992	tpc.gps
129515992	tpc.bat_v	15.271084
129515992	tpc.bat_v_avgd	15.262862533333333
129515992	fc.state	0
129515992	fc.alt	0
130016051	gs.rssi	-77
130016051	comms.recd	27352
130016051	tpc.state	0
130016051	fc.pwr	1
130016051	tpc.gps
130016051	tpc.bat_v	15.285592
130016051	tpc.bat_v_avgd	15.261734100000002
130016051	fc.state	0
130016051	fc.alt	0
130516108	gs.rssi	-77
130516108	comms.recd	27464
130516108	tpc.state	0
130516108	fc.pwr	1
130516108	tpc.gps
130516108	tpc.bat_v	15.266248
130516108	tpc.bat_v_avgd	15.2622177
130516108	fc.state	0
130516108	fc.alt	0
131016145	gs.rssi	-78
131016145	comms.recd	27576
131016145	tpc.state	0
131016145	fc.pwr	1
131016145	tpc.gps
131016145	tpc.bat_v	15.232395
131016145	tpc.bat_v_avgd	15.26157286666667
131016145	fc.state	0
131016145	fc.alt	0
131516197	gs.rssi	-78
131516197	comms.recd	27688
131516197	tpc.state	0
131516197	fc.pwr	1
131516197	tpc.gps
131516197	tpc.bat_v	15.261412
131516197	tpc.bat_v_avgd	15.261250466666668
131516197	fc.state	0
131516197	fc.alt	0
132016208	gs.rssi	-78
132016208	comms.recd	27800
132016208	tpc.state	0
132016208	fc.pwr	1
132016208	tpc.gps
132016208	tpc.bat_v	15.290428
132016208	tpc.bat_v_avgd	15.262378866666669
132016208	fc.state	0
132016208	fc.alt	0
132516225	gs.rssi	-76
132516225	comms.recd	27912
132516225	tpc.state	0
132516225	fc.pwr	1
132516225	tpc.gps
132516225	tpc.bat_v	15.271084
132516225	tpc.bat_v_avgd	15.263829699999999
132516225	fc.state	0
132516225	fc.alt	0
133016280	gs.rssi	-75
133016280	comms.recd	28024
133016280	tpc.state	0
133016280	fc.pwr	1
133016280	tpc.gps
133016280	tpc.bat_v	15.266248
133016280	tpc.bat_v_avgd	15.264474533333333
133016280	fc.state	0
133016280	fc.alt	0
133516330	gs.rssi	-78
133516330	comms.recd	28136
133516330	tpc.state	0
133516330	fc.pwr	1
133516330	tpc.gps
133516330	tpc.bat_v	15.295264
133516330	tpc.bat_v_avgd	15.26544173333333
133516330	fc.state	0
133516330	fc.alt	0
134016382	gs.rssi	-76
134016382	comms.recd	28248
134016382	tpc.state	0
134016382	fc.pwr	1
134016382	tpc.gps
134016382	tpc.bat_v	15.290428
134016382	tpc.bat_v_avgd	15.26608653333333
134016382	fc.state	0
134016382	fc.alt	0
134516412	gs.rssi	-76
134516412	comms.recd	28360
134516412	tpc.state	0
134516412	fc.pwr	1
134516412	tpc.gps
134516412	tpc.bat_v	15.309772
134516412	tpc.bat_v_avgd	15.267053733333334
134516412	fc.state	0
134516412	fc.alt	0
135016442	gs.rssi	-76
135016442	comms.recd	28472
135016442	tpc.state	0
135016442	fc.pwr	1
135016442	tpc.gps
135016442	tpc.bat_v	15.232395
135016442	tpc.bat_v_avgd	15.2654417
135016442	fc.state	0
135016442	fc.alt	0
135517193	gs.rssi	-78
135517193	comms.recd	28584
135517193	tpc.state	0
135517193	fc.pwr	1
135517193	tpc.gps
135517193	tpc.bat_v	15.25174
135517193	tpc.bat_v_avgd	15.265441699999998
135517193	fc.state	0
135517193	fc.alt	0
136017219	gs.rssi	-78
136017219	comms.recd	28704
136017219	tpc.state	0
136017219	fc.pwr	1
136017219	tpc.gps
136017219	tpc.bat_v	15.309772
136017219	tpc.bat_v_avgd	15.269471766666667
136017219	fc.state	7
136017219	fc.alt	67080.140625
136517270	gs.rssi	-78
136517270	comms.recd	28824
136517270	tpc.state	0
136517270	fc.pwr	1
136517270	tpc.gps
136517270	tpc.bat_v	15.271084
136517270	tpc.bat_v_avgd	15.271083800000001
136517270	fc.state	7
136517270	fc.alt	-147917.203125
137017279	gs.rssi	-78
137017279	comms.recd	28944
137017279	tpc.state	0
137017279	fc.pwr	1
137017279	tpc.gps
137017279	tpc.bat_v	15.232395
137017279	tpc.bat_v_avgd	15.269794166666665
137017279	fc.state	7
137017279	fc.alt	67077.671875
137517319	gs.rssi	-78
137517319	comms.recd	29064
137517319	tpc.state	0
137517319	fc.pwr	1
137517319	tpc.gps
137517319	tpc.bat_v	15.271084
137517319	tpc.bat_v_avgd	15.269310566666666
137517319	fc.state	7
137517319	fc.alt	67082.390625
138017366	gs.rssi	-76
138017366	comms.recd	29184
138017366	tpc.state	0
138017366	fc.pwr	1
138017366	tpc.gps
138017366	tpc.bat_v	15.261412
138017366	tpc.bat_v_avgd	15.268343366666667
138017366	fc.state	7
138017366	fc.alt	-147919.875
138517370	gs.rssi	-75
138517370	comms.recd	29304
138517370	tpc.state	0
138517370	fc.pwr	1
138517370	tpc.gps
138517370	tpc.bat_v	15.280756
138517370	tpc.bat_v_avgd	15.268504566666667
138517370	fc.state	7
138517370	fc.alt	-147920.90625
139017423	gs.rssi	-78
139017423	comms.recd	29424
139017423	tpc.state	0
139017423	fc.pwr	1
139017423	tpc.gps
139017423	tpc.bat_v	15.290428
139017423	tpc.bat_v_avgd	15.269955399999999
139017423	fc.state	7
139017423	fc.alt	67087.109375
139517448	gs.rssi	-77
139517448	comms.recd	29544
139517448	tpc.state	0
139517448	fc.pwr	1
139517448	tpc.gps
139517448	tpc.bat_v	15.266248
139517448	tpc.bat_v_avgd	15.269471799999998
139517448	fc.state	7
139517448	fc.alt	67082.390625
140017476	gs.rssi	-76
140017476	comms.recd	29664
140017476	tpc.state	0
140017476	fc.pwr	1
140017476	tpc.gps
140017476	tpc.bat_v	15.256576
140017476	tpc.bat_v_avgd	15.268826999999998
140017476	fc.state	7
140017476	fc.alt	67082.390625
140517535	gs.rssi	-74
140517535	comms.recd	29784
140517535	tpc.state	0
140517535	fc.pwr	1
140517535	tpc.gps
140517535	tpc.bat_v	15.27592
140517535	tpc.bat_v_avgd	15.269149399999998
140517535	fc.state	7
140517535	fc.alt	67086.28125
141017587	gs.rssi	-75
141017587	comms.recd	29904
141017587	tpc.state	0
141017587	fc.pwr	1
141017587	tpc.gps
141017587	tpc.bat_v	15.266248
141017587	tpc.bat_v_avgd	15.271567433333331
141017587	fc.state	7
141017587	fc.alt	67087.921875
141517598	gs.rssi	-77
141517598	comms.recd	30024
141517598	tpc.state	0
141517598	fc.pwr	1
141517598	tpc.gps
141517598	tpc.bat_v	15.261412
141517598	tpc.bat_v_avgd	15.272212266666665
141517598	fc.state	7
141517598	fc.alt	-147923.5625
142017632	gs.rssi	-76
142017632	comms.recd	30144
142017632	tpc.state	0
142017632	fc.pwr	1
142017632	tpc.gps
142017632	tpc.bat_v	15.295264
142017632	tpc.bat_v_avgd	15.273179466666665
142017632	fc.state	7
142017632	fc.alt	67083.828125
142517679	gs.rssi	-76
142517679	comms.recd	30264
142517679	tpc.state	0
142517679	fc.pwr	1
142517679	tpc.gps
142517679	tpc.bat_v	15.280756
142517679	tpc.bat_v_avgd	15.274307899999998
142517679	fc.state	7
142517679	fc.alt	67080.546875
143017731	gs.rssi	-76
143017731	comms.recd	30384
143017731	tpc.state	0
143017731	fc.pwr	1
143017731	tpc.gps
143017731	tpc.bat_v	15.290428
143017731	tpc.bat_v_avgd	15.2755975
143017731	fc.state	7
143017731	fc.alt	67085.046875
143517733	gs.rssi	-76
143517733	comms.recd	30504
143517733	tpc.state	0
143517733	fc.pwr	1
143517733	tpc.gps
143517733	tpc.bat_v	15.25174
143517733	tpc.bat_v_avgd	15.274791500000001
143517733	fc.state	7
143517733	fc.alt	67070.078125
144517753	gs.rssi	-75
144517753	comms.recd	30624
144517753	tpc.state	0
144517753	fc.pwr	1
144517753	tpc.gps
144517753	tpc.bat_v	15.271084
144517753	tpc.bat_v_avgd	15.2718899
144517753	fc.state	7
144517753	fc.alt	67082.390625
145017764	gs.rssi	-75
145017764	comms.recd	30744
145017764	tpc.state	0
145017764	fc.pwr	1
145017764	tpc.gps
145017764	tpc.bat_v	15.314609
145017764	tpc.bat_v_avgd	15.273340733333335
145017764	fc.state	7
145017764	fc.alt	67073.984375
145517807	gs.rssi	-75
145517807	comms.recd	30864
145517807	tpc.state	0
145517807	fc.pwr	1
145517807	tpc.gps
145517807	tpc.bat_v	15.25174
145517807	tpc.bat_v_avgd	15.272212333333334
145517807	fc.state	7
145517807	fc.alt	67084.640625
146017834	gs.rssi	-75
146017834	comms.recd	30984
146017834	tpc.state	0
146017834	fc.pwr	1
146017834	tpc.gps
146017834	tpc.bat_v	15.227559
146017834	tpc.bat_v_avgd	15.2709227
146017834	fc.state	7
146017834	fc.alt	67079.515625
146517839	gs.rssi	-75
146517839	comms.recd	31104
146517839	tpc.state	0
146517839	fc.pwr	1
146517839	tpc.gps
146517839	tpc.bat_v	15.25174
146517839	tpc.bat_v_avgd	15.27156753333333
146517839	fc.state	7
146517839	fc.alt	67087.109375
147017839	gs.rssi	-75
147017839	comms.recd	31224
147017839	tpc.state	0
147017839	fc.pwr	1
147017839	tpc.gps
147017839	tpc.bat_v	15.227559
147017839	tpc.bat_v_avgd	15.270439099999997
147017839	fc.state	7
147017839	fc.alt	67085.46875
147517889	gs.rssi	-76
147517889	comms.recd	31344
147517889	tpc.state	0
147517889	fc.pwr	1
147517889	tpc.gps
147517889	tpc.bat_v	15.343625
147517889	tpc.bat_v_avgd	15.272212333333329
147517889	fc.state	7
147517889	fc.alt	-147923.5625
148017922	gs.rssi	-79
148017922	comms.recd	31464
148017922	tpc.state	0
148017922	fc.pwr	1
148017922	tpc.gps
148017922	tpc.bat_v	15.266248
148017922	tpc.bat_v_avgd	15.27205113333333
148017922	fc.state	7
148017922	fc.alt	-147924.1875
148517942	gs.rssi	-78
148517942	comms.recd	31584
148517942	tpc.state	0
148517942	fc.pwr	1
148517942	tpc.gps
148517942	tpc.bat_v	15.271084
148517942	tpc.bat_v_avgd	15.272212333333327
148517942	fc.state	7
148517942	fc.alt	67077.265625
149018012	gs.rssi	-78
149018012	comms.recd	31704
149018012	tpc.state	0
149018012	fc.pwr	1
149018012	tpc.gps
149018012	tpc.bat_v	15.280756
149018012	tpc.bat_v_avgd	15.27172873333333
149018012	fc.state	7
149018012	fc.alt	67082.59375
149518071	gs.rssi	-78
149518071	comms.recd	31824
149518071	tpc.state	0
149518071	fc.pwr	1
149518071	tpc.gps
149518071	tpc.bat_v	15.246903
149518071	tpc.bat_v_avgd	15.270277899999995
149518071	fc.state	7
149518071	fc.alt	67083.203125
150018102	gs.rssi	-78
150018102	comms.recd	31944
150018102	tpc.state	0
150018102	fc.pwr	1
150018102	tpc.gps
150018102	tpc.bat_v	15.232395
150018102	tpc.bat_v_avgd	15.26769866666666
150018102	fc.state	7
150018102	fc.alt	67082.390625
150518123	gs.rssi	-78
150518123	comms.recd	32064
150518123	tpc.state	0
150518123	fc.pwr	1
150518123	tpc.gps
150518123	tpc.bat_v	15.329117
150518123	tpc.bat_v_avgd	15.270922733333329
150518123	fc.state	7
150518123	fc.alt	67070.5
151018145	gs.rssi	-78
151018145	comms.recd	32184
151018145	tpc.state	0
151018145	fc.pwr	1
151018145	tpc.gps
151018145	tpc.bat_v	15.25174
151018145	tpc.bat_v_avgd	15.270922733333329
151018145	fc.state	7
151018145	fc.alt	67082.796875
151518163	gs.rssi	-78
151518163	comms.recd	32304
151518163	tpc.state	0
151518163	fc.pwr	1
151518163	tpc.gps
151518163	tpc.bat_v	15.213051
151518163	tpc.bat_v_avgd	15.267698699999995
151518163	fc.state	7
151518163	fc.alt	67079.71875
152018190	gs.rssi	-77
152018190	comms.recd	32424
152018190	tpc.state	0
152018190	fc.pwr	1
152018190	tpc.gps
152018190	tpc.bat_v	15.261412
152018190	tpc.bat_v_avgd	15.267376299999997
152018190	fc.state	7
152018190	fc.alt	67080.140625
152518204	gs.rssi	-79
152518204	comms.recd	32544
152518204	tpc.state	0
152518204	fc.pwr	1
152518204	tpc.gps
152518204	tpc.bat_v	15.261412
152518204	tpc.bat_v_avgd	15.268343533333331
152518204	fc.state	7
152518204	fc.alt	67082.796875
153018247	gs.rssi	-75
153018247	comms.recd	32664
153018247	tpc.state	0
153018247	fc.pwr	1
153018247	tpc.gps
153018247	tpc.bat_v	15.261412
153018247	tpc.bat_v_avgd	15.26802113333333
153018247	fc.state	7
153018247	fc.alt	67086.90625
153518288	gs.rssi	-76
153518288	comms.recd	32784
153518288	tpc.state	0
153518288	fc.pwr	1
153518288	tpc.gps
153518288	tpc.bat_v	15.343625
153518288	tpc.bat_v_avgd	15.270761566666666
153518288	fc.state	7
153518288	fc.alt	-147915.359375
154018292	gs.rssi	-76
154018292	comms.recd	32904
154018292	tpc.state	0
154018292	fc.pwr	1
154018292	tpc.gps
154018292	tpc.bat_v	15.266248
154018292	tpc.bat_v_avgd	15.270277966666665
154018292	fc.state	7
154018292	fc.alt	67087.515625
154518323	gs.rssi	-77
154518323	comms.recd	33024
154518323	tpc.state	0
154518323	fc.pwr	1
154518323	tpc.gps
154518323	tpc.bat_v	15.256576
154518323	tpc.bat_v_avgd	15.269149566666666
154518323	fc.state	7
154518323	fc.alt	67079.515625
155018375	gs.rssi	-77
155018375	comms.recd	33144
155018375	tpc.state	0
155018375	fc.pwr	1
155018375	tpc.gps
155018375	tpc.bat_v	15.261412
155018375	tpc.bat_v_avgd	15.268988366666665
155018375	fc.state	7
155018375	fc.alt	67086.6875
155518423	gs.rssi	-80
155518423	comms.recd	33264
155518423	tpc.state	0
155518423	fc.pwr	1
155518423	tpc.gps
155518423	tpc.bat_v	15.25174
155518423	tpc.bat_v_avgd	15.268827166666666
155518423	fc.state	7
155518423	fc.alt	67083.40625
156018481	gs.rssi	-78
156018481	comms.recd	33384
156018481	tpc.state	0
156018481	fc.pwr	1
156018481	tpc.gps
156018481	tpc.bat_v	15.290428
156018481	tpc.bat_v_avgd	15.269310766666669
156018481	fc.state	7
156018481	fc.alt	67079.3125
156518535	gs.rssi	-77
156518535	comms.recd	33504
156518535	tpc.state	0
156518535	fc.pwr	1
156518535	tpc.gps
156518535	tpc.bat_v	15.232395
156518535	tpc.bat_v_avgd	15.268182333333334
156518535	fc.state	7
156518535	fc.alt	67081.359375
157518621	gs.rssi	-77
157518621	comms.recd	33624
157518621	tpc.state	0
157518621	fc.pwr	1
157518621	tpc.gps
157518621	tpc.bat_v	15.256576
157518621	tpc.bat_v_avgd	15.268021133333333
157518621	fc.state	7
157518621	fc.alt	67086.6875
158018664	gs.rssi	-77
158018664	comms.recd	33744
158018664	tpc.state	0
158018664	fc.pwr	1
158018664	tpc.gps
158018664	tpc.bat_v	15.25174
158018664	tpc.bat_v_avgd	15.266570333333332
158018664	fc.state	7
158018664	fc.alt	67079.515625
158518666	gs.rssi	-78
158518666	comms.recd	33864
158518666	tpc.state	0
158518666	fc.pwr	1
158518666	tpc.gps
158518666	tpc.bat_v	15.25174
158518666	tpc.bat_v_avgd	15.265603133333332
158518666	fc.state	7
158518666	fc.alt	67082.390625
159018681	gs.rssi	-78
159018681	comms.recd	33984
159018681	tpc.state	0
159018681	fc.pwr	1
159018681	tpc.gps
159018681	tpc.bat_v	15.261412
159018681	tpc.bat_v_avgd	15.264635933333333
159018681	fc.state	7
159018681	fc.alt	67075
159518733	gs.rssi	-78
159518733	comms.recd	34104
159518733	tpc.state	0
159518733	fc.pwr	1
159518733	tpc.gps
159518733	tpc.bat_v	15.256576
159518733	tpc.bat_v_avgd	15.264797133333333
159518733	fc.state	7
159518733	fc.alt	-147922.546875
160018761	gs.rssi	-77
160018761	comms.recd	34224
160018761	tpc.state	0
160018761	fc.pwr	1
160018761	tpc.gps
160018761	tpc.bat_v	15.266248
160018761	tpc.bat_v_avgd	15.264635933333333
160018761	fc.state	7
160018761	fc.alt	67086.28125
160518764	gs.rssi	-81
160518764	comms.recd	34344
160518764	tpc.state	0
160518764	fc.pwr	1
160518764	tpc.gps
160518764	tpc.bat_v	15.25174
160518764	tpc.bat_v_avgd	15.262540300000001
160518764	fc.state	7
160518764	fc.alt	-147916.796875
161018801	gs.rssi	-76
161018801	comms.recd	34464
161018801	tpc.state	0
161018801	fc.pwr	1
161018801	tpc.gps
161018801	tpc.bat_v	15.246903
161018801	tpc.bat_v_avgd	15.262379066666666
161018801	fc.state	7
161018801	fc.alt	-147923.359375
161518807	gs.rssi	-80
161518807	comms.recd	34584
161518807	tpc.state	0
161518807	fc.pwr	1
161518807	tpc.gps
161518807	tpc.bat_v	15.271084
161518807	tpc.bat_v_avgd	15.263829899999998
161518807	fc.state	7
161518807	fc.alt	-147921.3125
162018827	gs.rssi	-79
162018827	comms.recd	34704
162018827	tpc.state	0
162018827	fc.pwr	1
162018827	tpc.gps
162018827	tpc.bat_v	15.324281
162018827	tpc.bat_v_avgd	15.26624793333333
162018827	fc.state	7
162018827	fc.alt	-147915.984375
162518859	gs.rssi	-79
162518859	comms.recd	34824
162518859	tpc.state	0
162518859	fc.pwr	1
162518859	tpc.gps
162518859	tpc.bat_v	15.271084
162518859	tpc.bat_v_avgd	15.267698766666664
162518859	fc.state	7
162518859	fc.alt	67077.875
163018884	gs.rssi	-79
163018884	comms.recd	34944
163018884	tpc.state	0
163018884	fc.pwr	1
163018884	tpc.gps
163018884	tpc.bat_v	15.280756
163018884	tpc.bat_v_avgd	15.26560313333333
163018884	fc.state	7
163018884	fc.alt	-147919.875
163518911	gs.rssi	-80
163518911	comms.recd	35064
163518911	tpc.state	0
163518911	fc.pwr	1
163518911	tpc.gps
163518911	tpc.bat_v	15.271084
163518911	tpc.bat_v_avgd	15.265764333333328
163518911	fc.state	7
163518911	fc.alt	67077.0625
164018965	gs.rssi	-79
164018965	comms.recd	35184
164018965	tpc.state	0
164018965	fc.pwr	1
164018965	tpc.gps
164018965	tpc.bat_v	15.285592
164018965	tpc.bat_v_avgd	15.266247933333329
164018965	fc.state	7
164018965	fc.alt	67080.140625
164519017	gs.rssi	-80
164519017	comms.recd	35304
164519017	tpc.state	0
164519017	fc.pwr	1
164519017	tpc.gps
164519017	tpc.bat_v	15.184034
164519017	tpc.bat_v_avgd	15.263023866666662
164519017	fc.state	7
164519017	fc.alt	67085.46875
165019049	gs.rssi	-78
165019049	comms.recd	35424
165019049	tpc.state	0
165019049	fc.pwr	1
165019049	tpc.gps
165019049	tpc.bat_v	15.246903
165019049	tpc.bat_v_avgd	15.263023866666662
165019049	fc.state	7
165019049	fc.alt	67074.1875
165519093	gs.rssi	-78
165519093	comms.recd	35544
165519093	tpc.state	0
165519093	fc.pwr	1
165519093	tpc.gps
165519093	tpc.bat_v	15.18887
165519093	tpc.bat_v_avgd	15.26157303333333
165519093	fc.state	7
165519093	fc.alt	-147922.125
166019130	gs.rssi	-78
166019130	comms.recd	35664
166019130	tpc.state	0
166019130	fc.pwr	1
166019130	tpc.gps
166019130	tpc.bat_v	15.159854
166019130	tpc.bat_v_avgd	15.25593093333333
166019130	fc.state	7
166019130	fc.alt	67082.390625
166519191	gs.rssi	-78
166519191	comms.recd	35784
166519191	tpc.state	0
166519191	fc.pwr	1
166519191	tpc.gps
166519191	tpc.bat_v	15.256576
166519191	tpc.bat_v_avgd	15.256092133333329
166519191	fc.state	7
166519191	fc.alt	67082.796875
167019213	gs.rssi	-79
167019213	comms.recd	35904
167019213	tpc.state	0
167019213	fc.pwr	1
167019213	tpc.gps
167019213	tpc.bat_v	15.266248
167019213	tpc.bat_v_avgd	15.257865366666662
167019213	fc.state	7
167019213	fc.alt	67077.875
167519219	gs.rssi	-78
167519219	comms.recd	36024
167519219	tpc.state	0
167519219	fc.pwr	1
167519219	tpc.gps
167519219	tpc.bat_v	15.246903
167519219	tpc.bat_v_avgd	15.257381733333329
167519219	fc.state	7
167519219	fc.alt	67083.625
168019267	gs.rssi	-78
168019267	comms.recd	36144
168019267	tpc.state	0
168019267	fc.pwr	1
168019267	tpc.gps
168019267	tpc.bat_v	15.290428
168019267	tpc.bat_v_avgd	15.258348933333332
168019267	fc.state	7
168019267	fc.alt	67081.5625
168519271	gs.rssi	-77
168519271	comms.recd	36264
168519271	tpc.state	0
168519271	fc.pwr	1
168519271	tpc.gps
168519271	tpc.bat_v	15.266248
168519271	tpc.bat_v_avgd	15.258510133333333
168519271	fc.state	7
168519271	fc.alt	67086.90625
169019303	gs.rssi	-79
169019303	comms.recd	36384
169019303	tpc.state	0
169019303	fc.pwr	1
169019303	tpc.gps
169019303	tpc.bat_v	15.174362
169019303	tpc.bat_v_avgd	15.25286803333333
169019303	fc.state	7
169019303	fc.alt	-147919.265625
169519341	gs.rssi	-79
169519341	comms.recd	36504
169519341	tpc.state	0
169519341	fc.pwr	1
169519341	tpc.gps
169519341	tpc.bat_v	15.246903
169519341	tpc.bat_v_avgd	15.2522232
169519341	fc.state	7
169519341	fc.alt	67082.796875
170019369	gs.rssi	-79
170019369	comms.recd	36624
170019369	tpc.state	0
170019369	fc.pwr	1
170019369	tpc.gps
170019369	tpc.bat_v	15.290428
170019369	tpc.bat_v_avgd	15.253351599999998
170019369	fc.state	7
170019369	fc.alt	67087.3125
170519394	gs.rssi	-77
170519394	comms.recd	36744
170519394	tpc.state	0
170519394	fc.pwr	1
170519394	tpc.gps
170519394	tpc.bat_v	15.25174
170519394	tpc.bat_v_avgd	15.253029199999999
170519394	fc.state	7
170519394	fc.alt	67079.3125
171019418	gs.rssi	-77
171019418	comms.recd	36864
171019418	tpc.state	0
171019418	fc.pwr	1
171019418	tpc.gps
171019418	tpc.bat_v	15.25174
171019418	tpc.bat_v_avgd	15.253029199999999
171019418	fc.state	7
171019418	fc.alt	67077.0625
1573901313137	comms.sent	528
1573901313186	comms.sent	572
171527700	gs.rssi	-78
171527700	comms.recd	36984
171527700	tpc.state	0
171527700	fc.pwr	0
171527700	tpc.gps
171527700	tpc.bat_v	15.445182
171527700	tpc.bat_v_avgd	15.258187666666664
171527700	fc.state	7
171527700	fc.alt	-147922.125
1573901313432	comms.sent	616
-1453419673	gs.rssi	-78
172027761	gs.rssi	-77
172027761	comms.recd	37104
172027761	tpc.state	0
172027761	fc.pwr	0
172027761	tpc.gps
172027761	tpc.bat_v	15.271084
172027761	tpc.bat_v_avgd	15.259477299999997
172027761	fc.state	7
172027761	fc.alt	-147924.796875
172527776	gs.rssi	-78
172527776	comms.recd	37160
172527776	tpc.state	0
172527776	fc.pwr	0
172527776	tpc.gps
172527776	tpc.bat_v	15.217887
172527776	tpc.bat_v_avgd	15.258187666666666
1573901314433	comms.sent	660
1573901314482	comms.sent	704
1573901314728	comms.sent	748
1573901314974	comms.sent	792
-1453419673	gs.rssi	-78
173527794	gs.rssi	-78
173527794	comms.recd	37216
173527794	tpc.state	0
173527794	fc.pwr	1
173527794	tpc.gps
173527794	tpc.bat_v	15.261412
173527794	tpc.bat_v_avgd	15.258510066666666
174027884	gs.rssi	-75
174027884	comms.recd	37328
174027884	tpc.state	0
174027884	fc.pwr	1
174027884	tpc.gps
174027884	tpc.bat_v	15.25174
174027884	tpc.bat_v_avgd	15.258510066666664
174027884	fc.state	0
174027884	fc.alt	0
174527902	gs.rssi	-75
174527902	comms.recd	37440
174527902	tpc.state	0
174527902	fc.pwr	1
174527902	tpc.gps
174527902	tpc.bat_v	15.237231
174527902	tpc.bat_v_avgd	15.257704033333331
174527902	fc.state	0
174527902	fc.alt	0
175027911	gs.rssi	-76
175027911	comms.recd	37552
175027911	tpc.state	0
175027911	fc.pwr	1
175027911	tpc.gps
175027911	tpc.bat_v	15.261412
175027911	tpc.bat_v_avgd	15.25786523333333
175027911	fc.state	0
175027911	fc.alt	0
175527918	gs.rssi	-75
175527918	comms.recd	37664
175527918	tpc.state	0
175527918	fc.pwr	1
175527918	tpc.gps
175527918	tpc.bat_v	15.242067
175527918	tpc.bat_v_avgd	15.257059199999997
175527918	fc.state	0
175527918	fc.alt	0
176029154	gs.rssi	-76
176029154	comms.recd	37776
176029154	tpc.state	0
176029154	fc.pwr	1
176029154	tpc.gps
176029154	tpc.bat_v	15.242067
176029154	tpc.bat_v_avgd	15.256736766666666
176029154	fc.state	0
176029154	fc.alt	0
176529177	gs.rssi	-75
176529177	comms.recd	37888
176529177	tpc.state	0
176529177	fc.pwr	1
176529177	tpc.gps
176529177	tpc.bat_v	15.227559
176529177	tpc.bat_v_avgd	15.256091966666666
176529177	fc.state	0
176529177	fc.alt	0
177029202	gs.rssi	-76
177029202	comms.recd	38000
177029202	tpc.state	0
177029202	fc.pwr	1
177029202	tpc.gps
177029202	tpc.bat_v	15.246903
177029202	tpc.bat_v_avgd	15.255285933333331
177029202	fc.state	0
177029202	fc.alt	0
177529227	gs.rssi	-74
177529227	comms.recd	38112
177529227	tpc.state	0
177529227	fc.pwr	1
177529227	tpc.gps
177529227	tpc.bat_v	15.232395
177529227	tpc.bat_v_avgd	15.252223066666664
177529227	fc.state	0
177529227	fc.alt	0
178029260	gs.rssi	-75
178029260	comms.recd	38224
178029260	tpc.state	0
178029260	fc.pwr	1
178029260	tpc.gps
178029260	tpc.bat_v	15.198543
178029260	tpc.bat_v_avgd	15.249805033333333
178029260	fc.state	0
178029260	fc.alt	0
178529283	gs.rssi	-75
178529283	comms.recd	38336
178529283	tpc.state	0
178529283	fc.pwr	1
178529283	tpc.gps
178529283	tpc.bat_v	15.256576
178529283	tpc.bat_v_avgd	15.248999033333332
178529283	fc.state	0
178529283	fc.alt	0
179029292	gs.rssi	-75
179029292	comms.recd	38448
179029292	tpc.state	0
179029292	fc.pwr	1
179029292	tpc.gps
179029292	tpc.bat_v	15.25174
179029292	tpc.bat_v_avgd	15.248354233333334
179029292	fc.state	0
179029292	fc.alt	0
179529351	gs.rssi	-75
179529351	comms.recd	38560
179529351	tpc.state	0
179529351	fc.pwr	1
179529351	tpc.gps
179529351	tpc.bat_v	15.232395
179529351	tpc.bat_v_avgd	15.246581
179529351	fc.state	0
179529351	fc.alt	0
180029397	gs.rssi	-75
180029397	comms.recd	38672
180029397	tpc.state	0
180029397	fc.pwr	1
180029397	tpc.gps
180029397	tpc.bat_v	15.271084
180029397	tpc.bat_v_avgd	15.249482666666664
180029397	fc.state	0
180029397	fc.alt	0
180529418	gs.rssi	-74
180529418	comms.recd	38784
180529418	tpc.state	0
180529418	fc.pwr	1
180529418	tpc.gps
180529418	tpc.bat_v	15.309772
180529418	tpc.bat_v_avgd	15.251578299999998
180529418	fc.state	0
180529418	fc.alt	0
181029434	gs.rssi	-75
181029434	comms.recd	38896
181029434	tpc.state	0
181029434	fc.pwr	1
181029434	tpc.gps
181029434	tpc.bat_v	15.246903
181029434	tpc.bat_v_avgd	15.253512733333332
181029434	fc.state	0
181029434	fc.alt	0
181529488	gs.rssi	-78
181529488	comms.recd	39008
181529488	tpc.state	0
181529488	fc.pwr	1
181529488	tpc.gps
181529488	tpc.bat_v	15.285592
181529488	tpc.bat_v_avgd	15.257703999999999
181529488	fc.state	0
181529488	fc.alt	0
182029535	gs.rssi	-80
182029535	comms.recd	39120
182029535	tpc.state	0
182029535	fc.pwr	1
182029535	tpc.gps
182029535	tpc.bat_v	15.232395
182029535	tpc.bat_v_avgd	15.256897966666665
182029535	fc.state	0
182029535	fc.alt	0
182529571	gs.rssi	-76
182529571	comms.recd	39240
182529571	tpc.state	0
182529571	fc.pwr	1
182529571	tpc.gps
182529571	tpc.bat_v	15.193707
182529571	tpc.bat_v_avgd	15.254479933333332
182529571	fc.state	7
182529571	fc.alt	49234.28125
183029602	gs.rssi	-75
183029602	comms.recd	39360
183029602	tpc.state	0
183029602	fc.pwr	1
183029602	tpc.gps
183029602	tpc.bat_v	15.155018
183029602	tpc.bat_v_avgd	15.251417099999996
183029602	fc.state	7
183029602	fc.alt	-165765.71875
183529650	gs.rssi	-77
183529650	comms.recd	39480
183529650	tpc.state	0
183529650	fc.pwr	1
183529650	tpc.gps
183529650	tpc.bat_v	15.174362
183529650	tpc.bat_v_avgd	15.247548233333331
183529650	fc.state	7
183529650	fc.alt	-165765.71875
184029660	gs.rssi	-77
184029660	comms.recd	39600
184029660	tpc.state	0
184029660	fc.pwr	1
184029660	tpc.gps
184029660	tpc.bat_v	15.285592
184029660	tpc.bat_v_avgd	15.248193033333331
184029660	fc.state	7
184029660	fc.alt	-165765.71875
184529690	gs.rssi	-75
184529690	comms.recd	39720
184529690	tpc.state	0
184529690	fc.pwr	1
184529690	tpc.gps
184529690	tpc.bat_v	15.256576
184529690	tpc.bat_v_avgd	15.250933499999999
184529690	fc.state	7
184529690	fc.alt	49233.875
185029690	gs.rssi	-75
185029690	comms.recd	39840
185029690	tpc.state	0
185029690	fc.pwr	1
185029690	tpc.gps
185029690	tpc.bat_v	15.256576
185029690	tpc.bat_v_avgd	15.251255933333331
185029690	fc.state	7
185029690	fc.alt	-165762.234375
185529724	gs.rssi	-75
185529724	comms.recd	39960
185529724	tpc.state	0
185529724	fc.pwr	1
185529724	tpc.gps
185529724	tpc.bat_v	15.208215
185529724	tpc.bat_v_avgd	15.248515499999996
185529724	fc.state	7
185529724	fc.alt	-165765.3125
186029752	gs.rssi	-75
186029752	comms.recd	40080
186029752	tpc.state	0
186029752	fc.pwr	1
186029752	tpc.gps
186029752	tpc.bat_v	15.290428
186029752	tpc.bat_v_avgd	15.2498051
186029752	fc.state	7
186029752	fc.alt	49239.40625
186529794	gs.rssi	-75
186529794	comms.recd	40200
186529794	tpc.state	0
186529794	fc.pwr	1
186529794	tpc.gps
186529794	tpc.bat_v	15.222723
186529794	tpc.bat_v_avgd	15.248837866666666
186529794	fc.state	7
186529794	fc.alt	49237.15625
187029816	gs.rssi	-75
187029816	comms.recd	40320
187029816	tpc.state	0
187029816	fc.pwr	1
187029816	tpc.gps
187029816	tpc.bat_v	15.314609
187029816	tpc.bat_v_avgd	15.244485433333333
187029816	fc.state	7
187029816	fc.alt	49239.40625
187529834	gs.rssi	-74
187529834	comms.recd	40440
187529834	tpc.state	0
187529834	fc.pwr	1
187529834	tpc.gps
187529834	tpc.bat_v	15.208215
187529834	tpc.bat_v_avgd	15.2423898
187529834	fc.state	7
187529834	fc.alt	49230.1875
188029888	gs.rssi	-73
188029888	comms.recd	40560
188029888	tpc.state	0
188029888	fc.pwr	1
188029888	tpc.gps
188029888	tpc.bat_v	15.217887
188029888	tpc.bat_v_avgd	15.242389800000002
188029888	fc.state	7
188029888	fc.alt	49236.953125
188529900	gs.rssi	-75
188529900	comms.recd	40680
188529900	tpc.state	0
188529900	fc.pwr	1
188529900	tpc.gps
188529900	tpc.bat_v	15.208215
188529900	tpc.bat_v_avgd	15.240616566666667
188529900	fc.state	7
188529900	fc.alt	49237.359375
189029918	gs.rssi	-75
189029918	comms.recd	40800
189029918	tpc.state	0
189029918	fc.pwr	1
189029918	tpc.gps
189029918	tpc.bat_v	15.217887
189029918	tpc.bat_v_avgd	15.239488133333335
189029918	fc.state	7
189029918	fc.alt	49234.90625
189529936	gs.rssi	-76
189529936	comms.recd	40920
189529936	tpc.state	0
189529936	fc.pwr	1
189529936	tpc.gps
189529936	tpc.bat_v	15.237231
189529936	tpc.bat_v_avgd	15.239488133333333
189529936	fc.state	7
189529936	fc.alt	49242.28125
190029981	gs.rssi	-75
190029981	comms.recd	41040
190029981	tpc.state	0
190029981	fc.pwr	1
190029981	tpc.gps
190029981	tpc.bat_v	15.227559
190029981	tpc.bat_v_avgd	15.2383597
190029981	fc.state	7
190029981	fc.alt	-165763.671875
190529999	gs.rssi	-74
190529999	comms.recd	41160
190529999	tpc.state	0
190529999	fc.pwr	1
190529999	tpc.gps
190529999	tpc.bat_v	15.222723
190529999	tpc.bat_v_avgd	15.237714899999999
190529999	fc.state	7
190529999	fc.alt	49240.640625
191030027	gs.rssi	-73
191030027	comms.recd	41280
191030027	tpc.state	0
191030027	fc.pwr	1
191030027	tpc.gps
191030027	tpc.bat_v	15.25174
191030027	tpc.bat_v_avgd	15.238037333333333
191030027	fc.state	7
191030027	fc.alt	49240.03125
191530035	gs.rssi	-74
191530035	comms.recd	41400
191530035	tpc.state	0
191530035	fc.pwr	1
191530035	tpc.gps
191530035	tpc.bat_v	15.261412
191530035	tpc.bat_v_avgd	15.239165766666668
191530035	fc.state	7
191530035	fc.alt	49238.1875
192030082	gs.rssi	-74
192030082	comms.recd	41520
192030082	tpc.state	0
192030082	fc.pwr	1
192030082	tpc.gps
192030082	tpc.bat_v	15.246903
192030082	tpc.bat_v_avgd	15.239165766666666
192030082	fc.state	7
192030082	fc.alt	49236.953125
192530088	gs.rssi	-74
192530088	comms.recd	41640
192530088	tpc.state	0
192530088	fc.pwr	1
192530088	tpc.gps
192530088	tpc.bat_v	15.203379
192530088	tpc.bat_v_avgd	15.238198566666664
192530088	fc.state	7
192530088	fc.alt	49237.984375
193030149	gs.rssi	-74
193030149	comms.recd	41760
193030149	tpc.state	0
193030149	fc.pwr	1
193030149	tpc.gps
193030149	tpc.bat_v	15.271084
193030149	tpc.bat_v_avgd	15.240616599999997
193030149	fc.state	7
193030149	fc.alt	49241.46875
193530208	gs.rssi	-74
193530208	comms.recd	41880
193530208	tpc.state	0
193530208	fc.pwr	1
193530208	tpc.gps
193530208	tpc.bat_v	15.155018
193530208	tpc.bat_v_avgd	15.23723133333333
193530208	fc.state	7
193530208	fc.alt	49233.46875
194030248	gs.rssi	-74
194030248	comms.recd	42000
194030248	tpc.state	0
194030248	fc.pwr	1
194030248	tpc.gps
194030248	tpc.bat_v	15.222723
194030248	tpc.bat_v_avgd	15.236264099999996
194030248	fc.state	7
194030248	fc.alt	49240.640625
194530270	gs.rssi	-73
194530270	comms.recd	42120
194530270	tpc.state	0
194530270	fc.pwr	1
194530270	tpc.gps
194530270	tpc.bat_v	15.222723
194530270	tpc.bat_v_avgd	15.235941699999993
194530270	fc.state	7
194530270	fc.alt	49233.0625
195030283	gs.rssi	-73
195030283	comms.recd	42240
195030283	tpc.state	0
195030283	fc.pwr	1
195030283	tpc.gps
195030283	tpc.bat_v	15.232395
195030283	tpc.bat_v_avgd	15.23465206666666
195030283	fc.state	7
195030283	fc.alt	49237.984375
195530301	gs.rssi	-74
195530301	comms.recd	42360
195530301	tpc.state	0
195530301	fc.pwr	1
195530301	tpc.gps
195530301	tpc.bat_v	15.155018
195530301	tpc.bat_v_avgd	15.22949359999999
195530301	fc.state	7
195530301	fc.alt	-165767.96875
196030312	gs.rssi	-73
196030312	comms.recd	42480
196030312	tpc.state	0
196030312	fc.pwr	1
196030312	tpc.gps
196030312	tpc.bat_v	15.222723
196030312	tpc.bat_v_avgd	15.22868759999999
196030312	fc.state	7
196030312	fc.alt	49235.921875
196530372	gs.rssi	-74
196530372	comms.recd	42600
196530372	tpc.state	0
196530372	fc.pwr	1
196530372	tpc.gps
196530372	tpc.bat_v	15.222723
196530372	tpc.bat_v_avgd	15.226591966666657
196530372	fc.state	7
196530372	fc.alt	49241.46875
197030396	gs.rssi	-74
197030396	comms.recd	42720
197030396	tpc.state	0
197030396	fc.pwr	1
197030396	tpc.gps
197030396	tpc.bat_v	15.242067
197030396	tpc.bat_v_avgd	15.226914366666657
197030396	fc.state	7
197030396	fc.alt	49239
197530434	gs.rssi	-75
197530434	comms.recd	42840
197530434	tpc.state	0
197530434	fc.pwr	1
197530434	tpc.gps
197530434	tpc.bat_v	15.198543
197530434	tpc.bat_v_avgd	15.22707556666666
197530434	fc.state	7
197530434	fc.alt	49231.625
198030519	gs.rssi	-76
198030519	comms.recd	42960
198030519	tpc.state	0
198030519	fc.pwr	1
198030519	tpc.gps
198030519	tpc.bat_v	15.256576
198030519	tpc.bat_v_avgd	15.230460833333328
198030519	fc.state	7
198030519	fc.alt	49232.03125
198530519	gs.rssi	-76
198530519	comms.recd	43080
198530519	tpc.state	0
198530519	fc.pwr	1
198530519	tpc.gps
198530519	tpc.bat_v	15.213051
198530519	tpc.bat_v_avgd	15.231750466666659
198530519	fc.state	7
198530519	fc.alt	49236.140625
199030575	gs.rssi	-76
199030575	comms.recd	43200
199030575	tpc.state	0
199030575	fc.pwr	1
199030575	tpc.gps
199030575	tpc.bat_v	15.246903
199030575	tpc.bat_v_avgd	15.23046083333333
199030575	fc.state	7
199030575	fc.alt	49234.28125
199530598	gs.rssi	-75
199530598	comms.recd	43320
199530598	tpc.state	0
199530598	fc.pwr	1
199530598	tpc.gps
199530598	tpc.bat_v	15.25174
199530598	tpc.bat_v_avgd	15.23029963333333
199530598	fc.state	7
199530598	fc.alt	-165768.59375
200030657	gs.rssi	-75
200030657	comms.recd	43440
200030657	tpc.state	0
200030657	fc.pwr	1
200030657	tpc.gps
200030657	tpc.bat_v	15.184034
200030657	tpc.bat_v_avgd	15.227881566666664
200030657	fc.state	7
200030657	fc.alt	49243.71875
200530660	gs.rssi	-76
200530660	comms.recd	43560
200530660	tpc.state	0
200530660	fc.pwr	1
200530660	tpc.gps
200530660	tpc.bat_v	15.208215
200530660	tpc.bat_v_avgd	15.227881566666664
200530660	fc.state	7
200530660	fc.alt	49229.78125
201030675	gs.rssi	-76
201030675	comms.recd	43680
201030675	tpc.state	0
201030675	fc.pwr	1
201030675	tpc.gps
201030675	tpc.bat_v	15.208215
201030675	tpc.bat_v_avgd	15.225141133333329
201030675	fc.state	7
201030675	fc.alt	49238.796875
201530678	gs.rssi	-73
201530678	comms.recd	43800
201530678	tpc.state	0
201530678	fc.pwr	1
201530678	tpc.gps
201530678	tpc.bat_v	15.155018
201530678	tpc.bat_v_avgd	15.222884299999997
201530678	fc.state	7
201530678	fc.alt	49243.921875
202030724	gs.rssi	-75
202030724	comms.recd	43920
202030724	tpc.state	0
202030724	fc.pwr	1
202030724	tpc.gps
202030724	tpc.bat_v	15.242067
202030724	tpc.bat_v_avgd	15.22046623333333
202030724	fc.state	7
202030724	fc.alt	-165762.640625
202530736	gs.rssi	-73
202530736	comms.recd	44040
202530736	tpc.state	0
202530736	fc.pwr	1
202530736	tpc.gps
202530736	tpc.bat_v	15.222723
202530736	tpc.bat_v_avgd	15.220949833333332
202530736	fc.state	7
202530736	fc.alt	49228.34375
203030796	gs.rssi	-72
203030796	comms.recd	44160
203030796	tpc.state	0
203030796	fc.pwr	1
203030796	tpc.gps
203030796	tpc.bat_v	15.256576
203030796	tpc.bat_v_avgd	15.222239466666666
203030796	fc.state	7
203030796	fc.alt	-165769
203530816	gs.rssi	-73
203530816	comms.recd	44280
203530816	tpc.state	0
203530816	fc.pwr	1
203530816	tpc.gps
203530816	tpc.bat_v	15.232395
203530816	tpc.bat_v_avgd	15.223045466666665
203530816	fc.state	7
203530816	fc.alt	49241.671875
204030850	gs.rssi	-75
204030850	comms.recd	44400
204030850	tpc.state	0
204030850	fc.pwr	1
204030850	tpc.gps
204030850	tpc.bat_v	15.227559
204030850	tpc.bat_v_avgd	15.223367866666665
204030850	fc.state	7
204030850	fc.alt	49242.6875
204530864	gs.rssi	-74
204530864	comms.recd	44520
204530864	tpc.state	0
204530864	fc.pwr	1
204530864	tpc.gps
204530864	tpc.bat_v	15.242067
204530864	tpc.bat_v_avgd	15.223529066666664
204530864	fc.state	7
204530864	fc.alt	-165767.765625
205030913	gs.rssi	-73
205030913	comms.recd	44640
205030913	tpc.state	0
205030913	fc.pwr	1
205030913	tpc.gps
205030913	tpc.bat_v	15.208215
205030913	tpc.bat_v_avgd	15.222884266666663
205030913	fc.state	7
205030913	fc.alt	49235.71875
205530930	gs.rssi	-71
205530930	comms.recd	44760
205530930	tpc.state	0
205530930	fc.pwr	1
205530930	tpc.gps
205530930	tpc.bat_v	15.261412
205530930	tpc.bat_v_avgd	15.224173899999998
205530930	fc.state	7
205530930	fc.alt	49242.28125
206030971	gs.rssi	-74
206030971	comms.recd	44880
206030971	tpc.state	0
206030971	fc.pwr	1
206030971	tpc.gps
206030971	tpc.bat_v	15.208215
206030971	tpc.bat_v_avgd	15.222723066666667
206030971	fc.state	7
206030971	fc.alt	49238.1875
206530985	gs.rssi	-73
206530985	comms.recd	45000
206530985	tpc.state	0
206530985	fc.pwr	1
206530985	tpc.gps
206530985	tpc.bat_v	15.246903
206530985	tpc.bat_v_avgd	15.222239433333332
206530985	fc.state	7
206530985	fc.alt	49239.828125
207031028	gs.rssi	-72
207031028	comms.recd	45120
207031028	tpc.state	0
207031028	fc.pwr	1
207031028	tpc.gps
207031028	tpc.bat_v	15.246903
207031028	tpc.bat_v_avgd	15.22223943333333
207031028	fc.state	7
207031028	fc.alt	49241.46875
208031096	gs.rssi	-73
208031096	comms.recd	45240
208031096	tpc.state	0
208031096	fc.pwr	1
208031096	tpc.gps
208031096	tpc.bat_v	15.174362
208031096	tpc.bat_v_avgd	15.221272199999996
208031096	fc.state	7
208031096	fc.alt	49238.796875
208531108	gs.rssi	-73
208531108	comms.recd	45360
208531108	tpc.state	0
208531108	fc.pwr	1
208531108	tpc.gps
208531108	tpc.bat_v	15.203379
208531108	tpc.bat_v_avgd	15.219015366666664
208531108	fc.state	7
208531108	fc.alt	49232.03125
209031131	gs.rssi	-72
209031131	comms.recd	45480
209031131	tpc.state	0
209031131	fc.pwr	1
209031131	tpc.gps
209031131	tpc.bat_v	15.111493
209031131	tpc.bat_v_avgd	15.21756453333333
209031131	fc.state	7
209031131	fc.alt	49236.953125
209531171	gs.rssi	-73
209531171	comms.recd	45600
209531171	tpc.state	0
209531171	fc.pwr	1
209531171	tpc.gps
209531171	tpc.bat_v	15.067969
209531171	tpc.bat_v_avgd	15.212406066666663
209531171	fc.state	7
209531171	fc.alt	-165768.1875
210031193	gs.rssi	-73
210031193	comms.recd	45720
210031193	tpc.state	0
210031193	fc.pwr	1
210031193	tpc.gps
210031193	tpc.bat_v	15.155018
210031193	tpc.bat_v_avgd	15.21014923333333
210031193	fc.state	7
210031193	fc.alt	49232.640625
210531220	gs.rssi	-71
210531220	comms.recd	45840
210531220	tpc.state	0
210531220	fc.pwr	1
210531220	tpc.gps
210531220	tpc.bat_v	15.193707
210531220	tpc.bat_v_avgd	15.208859633333331
210531220	fc.state	7
210531220	fc.alt	-165766.546875
211031240	gs.rssi	-72
211031240	comms.recd	45960
211031240	tpc.state	0
211031240	fc.pwr	1
211031240	tpc.gps
211031240	tpc.bat_v	15.18887
211031240	tpc.bat_v_avgd	15.209988033333332
211031240	fc.state	7
211031240	fc.alt	49241.875
211531253	gs.rssi	-72
211531253	comms.recd	46080
211531253	tpc.state	0
211531253	fc.pwr	1
211531253	tpc.gps
211531253	tpc.bat_v	15.135674
211531253	tpc.bat_v_avgd	15.207086399999998
211531253	fc.state	7
211531253	fc.alt	49242.28125
212031303	gs.rssi	-72
212031303	comms.recd	46200
212031303	tpc.state	0
212031303	fc.pwr	1
212031303	tpc.gps
212031303	tpc.bat_v	15.179198
212031303	tpc.bat_v_avgd	15.205635566666665
212031303	fc.state	7
212031303	fc.alt	49229.578125
212531334	gs.rssi	-73
212531334	comms.recd	46320
212531334	tpc.state	0
212531334	fc.pwr	1
212531334	tpc.gps
212531334	tpc.bat_v	15.116329
212531334	tpc.bat_v_avgd	15.201444299999995
212531334	fc.state	7
212531334	fc.alt	49234.703125
213031346	gs.rssi	-72
213031346	comms.recd	46440
213031346	tpc.state	0
213031346	fc.pwr	1
213031346	tpc.gps
213031346	tpc.bat_v	14.235864
213031346	tpc.bat_v_avgd	15.169354999999996
213031346	fc.state	7
213031346	fc.alt	49234.703125
213531363	gs.rssi	-70
213531363	comms.recd	46560
213531363	tpc.state	0
213531363	fc.pwr	1
213531363	tpc.gps
213531363	tpc.bat_v	14.274552
213531363	tpc.bat_v_avgd	15.136620866666663
213531363	fc.state	7
213531363	fc.alt	-165763.46875
214031412	gs.rssi	-74
214031412	comms.recd	46680
214031412	tpc.state	0
214031412	fc.pwr	1
214031412	tpc.gps
214031412	tpc.bat_v	15.193707
214031412	tpc.bat_v_avgd	15.135976066666665
214031412	fc.state	7
214031412	fc.alt	49238.1875
214531472	gs.rssi	-74
214531472	comms.recd	46800
214531472	tpc.state	0
214531472	fc.pwr	1
214531472	tpc.gps
214531472	tpc.bat_v	15.16469
214531472	tpc.bat_v_avgd	15.133235633333332
214531472	fc.state	7
214531472	fc.alt	-165765.515625
